"division","year","active_population","of_which_non_wage_earners","of_which_wage_earners","total_employed_population","unemployed","unemployment_rate_in_percent"
"Beaufort","2001",688,85,568,653,35,5.09
"Beaufort","2002",742,85,631,716,26,3.5
"Beaufort","2003",773,85,648,733,40,5.17
"Beaufort","2004",828,80,706,786,42,5.07
"Beaufort","2005",866,96,719,815,51,5.89
"Beaufort","2006",893,87,746,833,60,6.72
"Beaufort","2007",907,90,778,868,39,4.3
"Beaufort","2008",974,85,820,905,69,7.08
"Beaufort","2009",998,84,829,913,85,8.52
"Beaufort","2010",1.069,86,898,984,85,7.95
"Beaufort","2011",1.098,83,920,1.003,95,8.65
"Beaufort","2012",1.126,83,932,1.015,111,9.86
"Beaufort","2013",1.145,84,932,1.016,129,11.27
"Beaufort","2014",1.172,80,953,1.033,139,11.86
"Beaufort","2015",1.241,80,1.03,1.11,131,10.56
"Bech","2001",400,66,327,393,7,1.75
"Bech","2002",405,65,335,400,5,1.23
"Bech","2003",389,61,324,385,4,1.03
"Bech","2004",389,56,326,382,7,1.8
"Bech","2005",403,56,339,395,8,1.99
"Bech","2006",403,61,330,391,12,2.98
"Bech","2007",414,60,349,409,5,1.21
"Bech","2008",436,66,359,425,11,2.52
"Bech","2009",465,64,384,448,17,3.66
"Bech","2010",492,62,405,467,25,5.08
"Bech","2011",518,59,441,500,18,3.47
"Bech","2012",516,57,446,503,13,2.52
"Bech","2013",542,63,463,526,16,2.95
"Bech","2014",558,67,476,543,15,2.69
"Bech","2015",534,70,450,520,14,2.62
"Beckerich","2001",819,99,709,808,11,1.34
"Beckerich","2002",803,94,697,791,12,1.49
"Beckerich","2003",815,103,694,797,18,2.21
"Beckerich","2004",843,100,721,821,22,2.61
"Beckerich","2005",832,94,704,798,34,4.09
"Beckerich","2006",872,97,734,831,41,4.7
"Beckerich","2007",888,102,760,862,26,2.93
"Beckerich","2008",934,103,794,897,37,3.96
"Beckerich","2009",960,99,828,927,33,3.44
"Beckerich","2010",981,91,854,945,36,3.67
"Beckerich","2011",1.048,89,904,993,55,5.25
"Beckerich","2012",1.06,81,929,1.01,50,4.72
"Beckerich","2013",1.077,85,936,1.021,56,5.2
"Beckerich","2014",1.054,80,921,1.001,53,5.03
"Beckerich","2015",1.084,100,930,1.03,54,4.98
"Berdorf","2001",450,57,369,426,24,5.33
"Berdorf","2002",466,56,385,441,25,5.36
"Berdorf","2003",502,60,418,478,24,4.78
"Berdorf","2004",554,62,442,504,50,9.03
"Berdorf","2005",523,63,406,469,54,10.33
"Berdorf","2006",600,72,481,553,47,7.83
"Berdorf","2007",599,72,490,562,37,6.18
"Berdorf","2008",643,71,524,595,48,7.47
"Berdorf","2009",650,70,524,594,56,8.62
"Berdorf","2010",655,71,529,600,55,8.4
"Berdorf","2011",687,66,570,636,51,7.42
"Berdorf","2012",729,68,601,669,60,8.23
"Berdorf","2013",766,70,620,690,76,9.92
"Berdorf","2014",759,75,620,695,64,8.43
"Berdorf","2015",767,80,610,690,77,10.04
"Bertrange","2001",2.484,260,2.181,2.441,43,1.73
"Bertrange","2002",2.459,260,2.141,2.401,58,2.36
"Bertrange","2003",2.495,264,2.151,2.415,80,3.21
"Bertrange","2004",2.518,275,2.151,2.426,92,3.65
"Bertrange","2005",2.522,283,2.144,2.427,95,3.77
"Bertrange","2006",2.456,262,2.11,2.372,84,3.42
"Bertrange","2007",2.513,277,2.139,2.416,97,3.86
"Bertrange","2008",2.581,289,2.185,2.474,107,4.15
"Bertrange","2009",2.59,289,2.166,2.455,135,5.21
"Bertrange","2010",2.626,297,2.181,2.478,148,5.64
"Bertrange","2011",2.737,305,2.284,2.589,148,5.41
"Bertrange","2012",2.763,301,2.309,2.61,153,5.54
"Bertrange","2013",2.813,301,2.352,2.653,160,5.69
"Bertrange","2014",2.901,321,2.416,2.737,164,5.65
"Bertrange","2015",3.138,350,2.62,2.97,168,5.35
"Bettembourg","2001",3.823,240,3.494,3.734,89,2.33
"Bettembourg","2002",3.832,254,3.464,3.718,114,2.97
"Bettembourg","2003",3.829,244,3.442,3.686,143,3.73
"Bettembourg","2004",3.917,249,3.497,3.746,171,4.37
"Bettembourg","2005",3.915,260,3.486,3.746,169,4.32
"Bettembourg","2006",4.029,253,3.599,3.852,177,4.39
"Bettembourg","2007",4.095,251,3.668,3.919,176,4.3
"Bettembourg","2008",4.196,240,3.752,3.992,204,4.86
"Bettembourg","2009",4.268,246,3.741,3.987,281,6.58
"Bettembourg","2010",4.276,241,3.77,4.011,265,6.2
"Bettembourg","2011",4.278,239,3.782,4.021,257,6.01
"Bettembourg","2012",4.393,265,3.819,4.084,309,7.03
"Bettembourg","2013",4.376,271,3.81,4.081,295,6.74
"Bettembourg","2014",4.535,290,3.913,4.203,332,7.32
"Bettembourg","2015",4.588,310,3.97,4.28,308,6.71
"Bettendorf","2001",777,73,681,754,23,2.96
"Bettendorf","2002",775,73,673,746,29,3.74
"Bettendorf","2003",774,75,660,735,39,5.04
"Bettendorf","2004",815,77,703,780,35,4.29
"Bettendorf","2005",836,72,712,784,52,6.22
"Bettendorf","2006",1.086,87,947,1.034,52,4.79
"Bettendorf","2007",1.119,85,987,1.072,47,4.2
"Bettendorf","2008",1.139,92,980,1.072,67,5.88
"Bettendorf","2009",1.147,92,983,1.075,72,6.28
"Bettendorf","2010",1.143,94,995,1.089,54,4.72
"Bettendorf","2011",1.155,86,990,1.076,79,6.84
"Bettendorf","2012",1.217,92,1.044,1.136,81,6.66
"Bettendorf","2013",1.22,89,1.036,1.125,95,7.79
"Bettendorf","2014",1.216,90,1.026,1.116,100,8.22
"Bettendorf","2015",1.22,90,1.04,1.13,90,7.38
"Betzdorf","2001",968,91,866,957,11,1.14
"Betzdorf","2002",1.014,94,903,997,17,1.68
"Betzdorf","2003",1.018,95,900,995,23,2.26
"Betzdorf","2004",1.023,98,894,992,31,3.03
"Betzdorf","2005",1.047,98,920,1.018,29,2.77
"Betzdorf","2006",1.141,101,1.009,1.11,31,2.72
"Betzdorf","2007",1.212,113,1.062,1.175,37,3.05
"Betzdorf","2008",1.317,123,1.159,1.282,35,2.66
"Betzdorf","2009",1.386,127,1.204,1.331,55,3.97
"Betzdorf","2010",1.409,122,1.235,1.357,52,3.69
"Betzdorf","2011",1.43,121,1.268,1.389,41,2.87
"Betzdorf","2012",1.499,127,1.335,1.462,37,2.47
"Betzdorf","2013",1.527,134,1.342,1.476,51,3.34
"Betzdorf","2014",1.548,136,1.359,1.495,53,3.42
"Betzdorf","2015",1.542,140,1.35,1.49,52,3.37
"Bissen","2001",1.112,81,1.006,1.087,25,2.25
"Bissen","2002",1.077,80,969,1.049,28,2.6
"Bissen","2003",1.078,74,966,1.04,38,3.53
"Bissen","2004",1.069,77,950,1.027,42,3.93
"Bissen","2005",1.085,83,956,1.039,46,4.24
"Bissen","2006",1.19,80,1.069,1.149,41,3.45
"Bissen","2007",1.204,75,1.089,1.164,40,3.32
"Bissen","2008",1.251,75,1.12,1.195,56,4.48
"Bissen","2009",1.298,78,1.146,1.224,74,5.7
"Bissen","2010",1.289,84,1.137,1.221,68,5.28
"Bissen","2011",1.339,87,1.184,1.271,68,5.08
"Bissen","2012",1.348,82,1.179,1.261,87,6.45
"Bissen","2013",1.362,81,1.193,1.274,88,6.46
"Bissen","2014",1.379,80,1.217,1.297,82,5.95
"Bissen","2015",1.391,80,1.23,1.31,81,5.82
"Biwer","2001",619,72,540,612,7,1.13
"Biwer","2002",608,73,526,599,9,1.48
"Biwer","2003",644,70,559,629,15,2.33
"Biwer","2004",667,77,575,652,15,2.25
"Biwer","2005",699,77,603,680,19,2.72
"Biwer","2006",710,82,605,687,23,3.24
"Biwer","2007",740,80,638,718,22,2.97
"Biwer","2008",741,74,633,707,34,4.59
"Biwer","2009",738,71,634,705,33,4.47
"Biwer","2010",746,77,643,720,26,3.49
"Biwer","2011",755,81,636,717,38,5.03
"Biwer","2012",770,77,666,743,27,3.51
"Biwer","2013",763,84,646,730,33,4.33
"Biwer","2014",769,85,655,740,29,3.77
"Biwer","2015",770,90,650,740,30,3.9
"Boevange-sur-Attert","2001",746,77,653,730,16,2.14
"Boevange-sur-Attert","2002",740,80,640,720,20,2.7
"Boevange-sur-Attert","2003",766,79,669,748,18,2.35
"Boevange-sur-Attert","2004",771,78,669,747,24,3.11
"Boevange-sur-Attert","2005",815,88,699,787,28,3.44
"Boevange-sur-Attert","2006",856,88,745,833,23,2.69
"Boevange-sur-Attert","2007",898,92,779,871,27,3.01
"Boevange-sur-Attert","2008",907,91,792,883,24,2.65
"Boevange-sur-Attert","2009",930,90,805,895,35,3.76
"Boevange-sur-Attert","2010",928,86,813,899,29,3.13
"Boevange-sur-Attert","2011",990,95,863,958,32,3.23
"Boevange-sur-Attert","2012",1.03,96,892,988,42,4.08
"Boevange-sur-Attert","2013",1.042,95,904,999,43,4.13
"Boevange-sur-Attert","2014",1.048,103,901,1.004,44,4.2
"Boevange-sur-Attert","2015",1.039,100,900,1,39,3.75
"Boulaide","2001",312,62,242,304,8,2.56
"Boulaide","2002",335,59,266,325,10,2.99
"Boulaide","2003",335,62,262,324,11,3.28
"Boulaide","2004",339,63,265,328,11,3.24
"Boulaide","2005",361,60,281,341,20,5.54
"Boulaide","2006",371,58,289,347,24,6.47
"Boulaide","2007",383,57,311,368,15,3.92
"Boulaide","2008",391,54,316,370,21,5.37
"Boulaide","2009",399,50,323,373,26,6.52
"Boulaide","2010",417,50,335,385,32,7.67
"Boulaide","2011",415,51,336,387,28,6.75
"Boulaide","2012",448,59,366,425,23,5.13
"Boulaide","2013",469,56,389,445,24,5.12
"Boulaide","2014",493,59,397,456,37,7.51
"Boulaide","2015",506,60,420,480,26,5.14
"Bourscheid","2001",490,89,389,478,12,2.45
"Bourscheid","2002",511,85,410,495,16,3.13
"Bourscheid","2003",492,86,392,478,14,2.85
"Bourscheid","2004",499,85,397,482,17,3.41
"Bourscheid","2005",506,85,405,490,16,3.16
"Bourscheid","2006",586,87,478,565,21,3.58
"Bourscheid","2007",586,88,473,561,25,4.27
"Bourscheid","2008",611,86,503,589,22,3.6
"Bourscheid","2009",617,86,508,594,23,3.73
"Bourscheid","2010",639,84,524,608,31,4.85
"Bourscheid","2011",686,82,565,647,39,5.69
"Bourscheid","2012",705,77,584,661,44,6.24
"Bourscheid","2013",730,77,599,676,54,7.4
"Bourscheid","2014",771,83,616,699,72,9.34
"Bourscheid","2015",781,80,630,710,71,9.09
"Bous","2001",458,69,384,453,5,1.09
"Bous","2002",476,69,395,464,12,2.52
"Bous","2003",478,68,398,466,12,2.51
"Bous","2004",495,69,418,487,8,1.62
"Bous","2005",529,65,447,512,17,3.21
"Bous","2006",585,75,492,567,18,3.08
"Bous","2007",626,78,532,610,16,2.56
"Bous","2008",653,73,560,633,20,3.06
"Bous","2009",655,67,571,638,17,2.6
"Bous","2010",675,71,579,650,25,3.7
"Bous","2011",716,74,624,698,18,2.51
"Bous","2012",714,70,628,698,16,2.24
"Bous","2013",749,74,646,720,29,3.87
"Bous","2014",782,78,680,758,24,3.07
"Bous","2015",772,70,680,750,22,2.85
"Canton Capellen","2001",14.853,1.546,13.021,14.567,286,1.93
"Canton Capellen","2002",15.193,1.564,13.251,14.815,378,2.49
"Canton Capellen","2003",15.41,1.609,13.341,14.95,460,2.99
"Canton Capellen","2004",15.638,1.617,13.473,15.09,548,3.5
"Canton Capellen","2005",15.957,1.618,13.759,15.377,580,3.63
"Canton Capellen","2006",16.187,1.601,13.988,15.589,598,3.69
"Canton Capellen","2007",16.412,1.624,14.251,15.875,537,3.27
"Canton Capellen","2008",16.837,1.64,14.566,16.206,631,3.75
"Canton Capellen","2009",17.334,1.669,14.815,16.484,850,4.9
"Canton Capellen","2010",17.705,1.696,15.191,16.887,818,4.62
"Canton Capellen","2011",18.133,1.739,15.507,17.246,887,4.89
"Canton Capellen","2012",18.467,1.76,15.845,17.605,862,4.67
"Canton Capellen","2013",18.873,1.809,15.993,17.802,1.071,5.67
"Canton Capellen","2014",19.232,1.8,16.366,18.166,1.066,5.54
"Canton Capellen","2015",19.298,1.88,16.43,18.31,988,5.12
"Canton Clervaux","2001",5.347,1.037,4.144,5.181,166,3.1
"Canton Clervaux","2002",5.528,1.029,4.311,5.34,188,3.4
"Canton Clervaux","2003",5.721,1.029,4.437,5.466,255,4.46
"Canton Clervaux","2004",5.92,1.06,4.623,5.683,237,4
"Canton Clervaux","2005",6.184,1.04,4.823,5.863,321,5.19
"Canton Clervaux","2006",6.321,1.035,4.958,5.993,328,5.19
"Canton Clervaux","2007",6.516,1.055,5.12,6.175,341,5.23
"Canton Clervaux","2008",6.755,1.057,5.351,6.408,347,5.14
"Canton Clervaux","2009",7.038,1.052,5.556,6.608,430,6.11
"Canton Clervaux","2010",7.28,1.048,5.761,6.809,471,6.47
"Canton Clervaux","2011",7.476,1.029,5.982,7.011,465,6.22
"Canton Clervaux","2012",7.694,1.019,6.162,7.181,513,6.67
"Canton Clervaux","2013",7.936,1.018,6.346,7.364,572,7.21
"Canton Clervaux","2014",8.041,997,6.482,7.479,562,6.99
"Canton Clervaux","2015",8.224,990,6.63,7.62,604,7.34
"Canton Diekirch","2001",11.241,1.027,9.892,10.919,322,2.86
"Canton Diekirch","2002",11.434,1.044,10.033,11.077,357,3.12
"Canton Diekirch","2003",11.544,1.051,10.085,11.136,408,3.53
"Canton Diekirch","2004",11.681,1.075,10.233,11.308,373,3.19
"Canton Diekirch","2005",11.891,1.047,10.224,11.271,620,5.21
"Canton Diekirch","2006",11.998,1.025,10.377,11.402,596,4.97
"Canton Diekirch","2007",12.218,1.023,10.583,11.606,612,5.01
"Canton Diekirch","2008",12.527,1.017,10.833,11.85,677,5.4
"Canton Diekirch","2009",12.691,1.008,10.85,11.858,833,6.56
"Canton Diekirch","2010",12.96,1.047,11.062,12.109,851,6.57
"Canton Diekirch","2011",13.375,1.028,11.378,12.406,969,7.24
"Canton Diekirch","2012",13.612,1.032,11.548,12.58,1.032,7.58
"Canton Diekirch","2013",14.056,1.05,11.838,12.888,1.168,8.31
"Canton Diekirch","2014",14.422,1.079,12.148,13.227,1.195,8.29
"Canton Diekirch","2015",14.617,1.08,12.29,13.37,1.247,8.53
"Canton Echternach","2001",5.92,783,4.906,5.689,231,3.9
"Canton Echternach","2002",6.054,782,5.018,5.8,254,4.2
"Canton Echternach","2003",6.136,783,5.087,5.87,266,4.34
"Canton Echternach","2004",6.42,775,5.344,6.119,301,4.69
"Canton Echternach","2005",6.471,788,5.29,6.078,393,6.07
"Canton Echternach","2006",6.714,776,5.523,6.299,415,6.18
"Canton Echternach","2007",6.805,779,5.726,6.505,300,4.41
"Canton Echternach","2008",7.073,776,5.851,6.627,446,6.31
"Canton Echternach","2009",7.204,749,5.907,6.656,548,7.61
"Canton Echternach","2010",7.43,770,6.101,6.871,559,7.52
"Canton Echternach","2011",7.655,752,6.348,7.1,555,7.25
"Canton Echternach","2012",7.819,743,6.513,7.256,563,7.2
"Canton Echternach","2013",7.967,760,6.543,7.303,664,8.33
"Canton Echternach","2014",8.033,770,6.634,7.404,629,7.83
"Canton Echternach","2015",8.123,780,6.73,7.51,613,7.55
"Canton Esch","2001",56.18,3.586,50.66,54.246,1.934,3.44
"Canton Esch","2002",57.368,3.627,51.387,55.014,2.354,4.1
"Canton Esch","2003",58.285,3.607,51.793,55.4,2.885,4.95
"Canton Esch","2004",59.94,3.655,52.953,56.608,3.332,5.56
"Canton Esch","2005",59.955,3.632,52.804,56.436,3.519,5.87
"Canton Esch","2006",60.971,3.582,53.647,57.229,3.742,6.14
"Canton Esch","2007",62.536,3.566,55.298,58.864,3.672,5.87
"Canton Esch","2008",64.308,3.588,56.381,59.969,4.339,6.75
"Canton Esch","2009",66.104,3.659,56.823,60.482,5.622,8.5
"Canton Esch","2010",67.506,3.679,57.774,61.453,6.053,8.97
"Canton Esch","2011",69.12,3.726,59.223,62.949,6.171,8.93
"Canton Esch","2012",70.943,3.82,60.7,64.52,6.423,9.05
"Canton Esch","2013",73.063,3.941,61.782,65.723,7.34,10.05
"Canton Esch","2014",74.826,4.024,63.487,67.511,7.315,9.78
"Canton Esch","2015",76.406,4.1,65.23,69.33,7.076,9.26
"Canton Grevenmacher","2001",9.259,1.103,8.008,9.111,148,1.6
"Canton Grevenmacher","2002",9.459,1.097,8.138,9.235,224,2.37
"Canton Grevenmacher","2003",9.677,1.105,8.31,9.415,262,2.71
"Canton Grevenmacher","2004",9.793,1.102,8.394,9.496,297,3.03
"Canton Grevenmacher","2005",10.147,1.11,8.663,9.773,374,3.69
"Canton Grevenmacher","2006",10.373,1.09,8.907,9.997,376,3.62
"Canton Grevenmacher","2007",10.678,1.105,9.208,10.313,365,3.42
"Canton Grevenmacher","2008",10.95,1.098,9.466,10.564,386,3.53
"Canton Grevenmacher","2009",11.224,1.121,9.548,10.669,555,4.94
"Canton Grevenmacher","2010",11.465,1.106,9.784,10.89,575,5.02
"Canton Grevenmacher","2011",11.737,1.128,10.011,11.139,598,5.09
"Canton Grevenmacher","2012",11.974,1.12,10.249,11.369,605,5.05
"Canton Grevenmacher","2013",12.254,1.13,10.494,11.624,630,5.14
"Canton Grevenmacher","2014",12.53,1.113,10.767,11.88,650,5.19
"Canton Grevenmacher","2015",12.681,1.15,10.89,12.04,641,5.05
"Canton Luxembourg","2001",53.268,4.792,46.949,51.741,1.527,2.87
"Canton Luxembourg","2002",53.788,4.85,46.834,51.684,2.104,3.91
"Canton Luxembourg","2003",54.507,4.982,46.807,51.789,2.718,4.99
"Canton Luxembourg","2004",55.073,5.024,46.9,51.924,3.149,5.72
"Canton Luxembourg","2005",55.433,5.146,46.871,52.017,3.416,6.16
"Canton Luxembourg","2006",56.699,5.219,48.735,53.954,2.745,4.84
"Canton Luxembourg","2007",57.945,5.438,50.08,55.518,2.427,4.19
"Canton Luxembourg","2008",60.136,5.639,51.463,57.102,3.034,5.05
"Canton Luxembourg","2009",61.131,5.778,51.365,57.143,3.988,6.52
"Canton Luxembourg","2010",62.143,5.869,52.134,58.003,4.14,6.66
"Canton Luxembourg","2011",64.407,6.052,54.082,60.134,4.273,6.63
"Canton Luxembourg","2012",66.427,6.235,55.584,61.819,4.608,6.94
"Canton Luxembourg","2013",68.368,6.489,56.678,63.167,5.201,7.61
"Canton Luxembourg","2014",69.979,6.706,57.979,64.685,5.294,7.57
"Canton Luxembourg","2015",71.14,6.83,59.31,66.14,5,7.03
"Canton Mersch","2001",10.422,930,9.28,10.21,212,2.03
"Canton Mersch","2002",10.567,926,9.358,10.284,283,2.68
"Canton Mersch","2003",10.679,909,9.435,10.344,335,3.14
"Canton Mersch","2004",10.836,929,9.512,10.441,395,3.65
"Canton Mersch","2005",11.078,932,9.657,10.589,489,4.41
"Canton Mersch","2006",11.324,907,9.942,10.849,475,4.19
"Canton Mersch","2007",11.59,912,10.241,11.153,437,3.77
"Canton Mersch","2008",11.909,918,10.465,11.383,526,4.42
"Canton Mersch","2009",12.264,932,10.695,11.627,637,5.19
"Canton Mersch","2010",12.604,952,11.012,11.964,640,5.08
"Canton Mersch","2011",13.066,971,11.392,12.363,703,5.38
"Canton Mersch","2012",13.374,968,11.66,12.628,746,5.58
"Canton Mersch","2013",13.774,973,11.989,12.962,812,5.9
"Canton Mersch","2014",13.993,1.003,12.153,13.156,837,5.98
"Canton Mersch","2015",14.239,1.04,12.4,13.44,799,5.61
"Canton Redange","2001",5.694,893,4.651,5.544,150,2.63
"Canton Redange","2002",5.7,864,4.716,5.58,120,2.11
"Canton Redange","2003",5.843,873,4.809,5.682,161,2.76
"Canton Redange","2004",5.965,881,4.925,5.806,159,2.67
"Canton Redange","2005",6.154,864,5.104,5.968,186,3.02
"Canton Redange","2006",6.452,878,5.344,6.222,230,3.56
"Canton Redange","2007",6.687,894,5.592,6.486,201,3.01
"Canton Redange","2008",6.9,876,5.762,6.638,262,3.8
"Canton Redange","2009",7.185,879,5.976,6.855,330,4.59
"Canton Redange","2010",7.265,872,6.053,6.925,340,4.68
"Canton Redange","2011",7.573,854,6.319,7.173,400,5.28
"Canton Redange","2012",7.679,851,6.432,7.283,396,5.16
"Canton Redange","2013",7.902,836,6.592,7.428,474,6
"Canton Redange","2014",8.009,832,6.72,7.552,457,5.71
"Canton Redange","2015",8.194,880,6.82,7.7,494,6.03
"Canton Remich","2001",6.848,1.036,5.665,6.701,147,2.15
"Canton Remich","2002",7.068,1.025,5.837,6.862,206,2.91
"Canton Remich","2003",7.189,1.025,5.911,6.936,253,3.52
"Canton Remich","2004",7.43,1.037,6.121,7.158,272,3.66
"Canton Remich","2005",7.596,1.051,6.239,7.29,306,4.03
"Canton Remich","2006",7.971,1.011,6.634,7.645,326,4.09
"Canton Remich","2007",8.163,1.011,6.855,7.866,297,3.64
"Canton Remich","2008",8.49,999,7.151,8.15,340,4
"Canton Remich","2009",8.724,1.021,7.234,8.255,469,5.38
"Canton Remich","2010",8.93,1.011,7.417,8.428,502,5.62
"Canton Remich","2011",9.263,1.037,7.732,8.769,494,5.33
"Canton Remich","2012",9.36,1,7.865,8.865,495,5.29
"Canton Remich","2013",9.551,989,7.974,8.963,588,6.16
"Canton Remich","2014",9.567,970,8.011,8.981,586,6.13
"Canton Remich","2015",9.687,1,8.12,9.12,567,5.85
"Canton Vianden","2001",1.579,249,1.262,1.511,68,4.31
"Canton Vianden","2002",1.633,237,1.313,1.55,83,5.08
"Canton Vianden","2003",1.707,235,1.381,1.616,91,5.33
"Canton Vianden","2004",1.825,241,1.489,1.73,95,5.21
"Canton Vianden","2005",1.856,241,1.492,1.733,123,6.63
"Canton Vianden","2006",1.943,232,1.574,1.806,137,7.05
"Canton Vianden","2007",1.987,225,1.638,1.863,124,6.24
"Canton Vianden","2008",2.008,222,1.664,1.886,122,6.08
"Canton Vianden","2009",2.077,222,1.713,1.935,142,6.84
"Canton Vianden","2010",2.11,222,1.742,1.964,146,6.92
"Canton Vianden","2011",2.177,223,1.796,2.019,158,7.26
"Canton Vianden","2012",2.233,217,1.832,2.049,184,8.24
"Canton Vianden","2013",2.28,220,1.867,2.087,193,8.46
"Canton Vianden","2014",2.338,216,1.947,2.163,175,7.49
"Canton Vianden","2015",2.372,210,1.99,2.2,172,7.25
"Canton Wiltz","2001",4.866,695,3.969,4.664,202,4.15
"Canton Wiltz","2002",4.985,682,4.081,4.763,222,4.45
"Canton Wiltz","2003",5.08,702,4.113,4.815,265,5.22
"Canton Wiltz","2004",5.23,715,4.247,4.962,268,5.12
"Canton Wiltz","2005",5.311,717,4.268,4.985,326,6.14
"Canton Wiltz","2006",5.439,694,4.416,5.11,329,6.05
"Canton Wiltz","2007",5.619,678,4.584,5.262,357,6.35
"Canton Wiltz","2008",5.806,668,4.752,5.42,386,6.65
"Canton Wiltz","2009",5.967,668,4.887,5.555,412,6.9
"Canton Wiltz","2010",6.092,668,4.952,5.62,472,7.75
"Canton Wiltz","2011",6.271,662,5.123,5.785,486,7.75
"Canton Wiltz","2012",6.549,662,5.351,6.013,536,8.18
"Canton Wiltz","2013",6.67,657,5.439,6.096,574,8.61
"Canton Wiltz","2014",6.815,675,5.544,6.219,596,8.75
"Canton Wiltz","2015",6.955,660,5.69,6.35,605,8.7
"Clervaux","2001",1.464,248,1.165,1.413,51,3.48
"Clervaux","2002",1.529,241,1.228,1.469,60,3.92
"Clervaux","2003",1.6,247,1.275,1.522,78,4.88
"Clervaux","2004",1.677,248,1.348,1.596,81,4.83
"Clervaux","2005",1.752,249,1.406,1.655,97,5.54
"Clervaux","2006",1.802,249,1.453,1.702,100,5.55
"Clervaux","2007",1.847,249,1.496,1.745,102,5.52
"Clervaux","2008",1.96,246,1.602,1.848,112,5.71
"Clervaux","2009",2.006,246,1.618,1.864,142,7.08
"Clervaux","2010",2.081,242,1.699,1.941,140,6.73
"Clervaux","2011",2.128,237,1.757,1.994,134,6.3
"Clervaux","2012",2.208,238,1.794,2.032,176,7.97
"Clervaux","2013",2.286,240,1.842,2.082,204,8.92
"Clervaux","2014",2.279,238,1.849,2.087,192,8.42
"Clervaux","2015",2.347,240,1.89,2.13,217,9.25
"Colmar-Berg","2001",858,54,783,837,21,2.45
"Colmar-Berg","2002",884,47,813,860,24,2.71
"Colmar-Berg","2003",901,53,814,867,34,3.77
"Colmar-Berg","2004",894,52,816,868,26,2.91
"Colmar-Berg","2005",890,44,804,848,42,4.72
"Colmar-Berg","2006",900,49,800,849,51,5.67
"Colmar-Berg","2007",863,50,775,825,38,4.4
"Colmar-Berg","2008",885,53,779,832,53,5.99
"Colmar-Berg","2009",933,49,827,876,57,6.11
"Colmar-Berg","2010",928,42,839,881,47,5.06
"Colmar-Berg","2011",987,48,882,930,57,5.78
"Colmar-Berg","2012",980,47,872,919,61,6.22
"Colmar-Berg","2013",1.02,50,897,947,73,7.16
"Colmar-Berg","2014",1.04,49,916,965,75,7.21
"Colmar-Berg","2015",1.022,50,910,960,62,6.07
"Consdorf","2001",747,99,628,727,20,2.68
"Consdorf","2002",751,94,631,725,26,3.46
"Consdorf","2003",768,97,639,736,32,4.17
"Consdorf","2004",777,94,658,752,25,3.22
"Consdorf","2005",772,89,644,733,39,5.05
"Consdorf","2006",745,78,627,705,40,5.37
"Consdorf","2007",753,82,638,720,33,4.38
"Consdorf","2008",766,82,653,735,31,4.05
"Consdorf","2009",784,77,656,733,51,6.51
"Consdorf","2010",815,85,676,761,54,6.63
"Consdorf","2011",804,83,685,768,36,4.48
"Consdorf","2012",830,89,705,794,36,4.34
"Consdorf","2013",822,94,692,786,36,4.38
"Consdorf","2014",853,93,709,802,51,5.98
"Consdorf","2015",862,100,720,820,42,4.87
"Contern","2001",1.174,129,1.033,1.162,12,1.02
"Contern","2002",1.169,132,1.017,1.149,20,1.71
"Contern","2003",1.204,138,1.031,1.169,35,2.91
"Contern","2004",1.199,137,1.027,1.164,35,2.92
"Contern","2005",1.223,147,1.042,1.189,34,2.78
"Contern","2006",1.224,142,1.044,1.186,38,3.1
"Contern","2007",1.263,143,1.094,1.237,26,2.06
"Contern","2008",1.313,147,1.135,1.282,31,2.36
"Contern","2009",1.446,158,1.235,1.393,53,3.67
"Contern","2010",1.471,164,1.254,1.418,53,3.6
"Contern","2011",1.509,156,1.293,1.449,60,3.98
"Contern","2012",1.505,160,1.288,1.448,57,3.79
"Contern","2013",1.471,150,1.253,1.403,68,4.62
"Contern","2014",1.466,155,1.228,1.383,83,5.66
"Contern","2015",1.489,150,1.27,1.42,69,4.63
"Dalheim","2001",717,96,605,701,16,2.23
"Dalheim","2002",728,96,615,711,17,2.34
"Dalheim","2003",737,86,629,715,22,2.99
"Dalheim","2004",771,96,654,750,21,2.72
"Dalheim","2005",803,96,682,778,25,3.11
"Dalheim","2006",811,86,696,782,29,3.58
"Dalheim","2007",837,88,726,814,23,2.75
"Dalheim","2008",861,90,749,839,22,2.56
"Dalheim","2009",867,88,742,830,37,4.27
"Dalheim","2010",881,81,763,844,37,4.2
"Dalheim","2011",901,79,777,856,45,4.99
"Dalheim","2012",910,80,787,867,43,4.73
"Dalheim","2013",912,86,791,877,35,3.84
"Dalheim","2014",932,90,796,886,46,4.94
"Dalheim","2015",929,100,780,880,49,5.27
"Diekirch","2001",2.747,237,2.428,2.665,82,2.99
"Diekirch","2002",2.829,248,2.494,2.742,87,3.08
"Diekirch","2003",2.875,241,2.514,2.755,120,4.17
"Diekirch","2004",2.884,253,2.552,2.805,79,2.74
"Diekirch","2005",2.909,242,2.517,2.759,150,5.16
"Diekirch","2006",2.634,211,2.272,2.483,151,5.73
"Diekirch","2007",2.635,213,2.261,2.474,161,6.11
"Diekirch","2008",2.673,200,2.319,2.519,154,5.76
"Diekirch","2009",2.702,190,2.305,2.495,207,7.66
"Diekirch","2010",2.765,204,2.341,2.545,220,7.96
"Diekirch","2011",2.858,199,2.431,2.63,228,7.98
"Diekirch","2012",2.845,193,2.4,2.593,252,8.86
"Diekirch","2013",2.914,197,2.448,2.645,269,9.23
"Diekirch","2014",2.957,199,2.511,2.71,247,8.35
"Diekirch","2015",3.037,200,2.56,2.76,277,9.12
"Differdange","2001",7.44,319,6.786,7.105,335,4.5
"Differdange","2002",7.669,341,6.932,7.273,396,5.16
"Differdange","2003",7.946,351,7.126,7.477,469,5.9
"Differdange","2004",8.298,353,7.389,7.742,556,6.7
"Differdange","2005",8.299,335,7.37,7.705,594,7.16
"Differdange","2006",8.389,343,7.383,7.726,663,7.9
"Differdange","2007",8.797,344,7.799,8.143,654,7.43
"Differdange","2008",9.167,343,8.056,8.399,768,8.38
"Differdange","2009",9.424,332,8.088,8.42,1.004,10.65
"Differdange","2010",9.67,335,8.195,8.53,1.14,11.79
"Differdange","2011",10.087,370,8.615,8.985,1.102,10.92
"Differdange","2012",10.398,354,8.88,9.234,1.164,11.19
"Differdange","2013",10.932,388,9.099,9.487,1.445,13.22
"Differdange","2014",11.254,398,9.437,9.835,1.419,12.61
"Differdange","2015",11.527,410,9.8,10.21,1.317,11.43
"Dippach","2001",1.387,146,1.215,1.361,26,1.87
"Dippach","2002",1.404,154,1.228,1.382,22,1.57
"Dippach","2003",1.455,160,1.261,1.421,34,2.34
"Dippach","2004",1.477,161,1.263,1.424,53,3.59
"Dippach","2005",1.506,152,1.302,1.454,52,3.45
"Dippach","2006",1.544,149,1.331,1.48,64,4.15
"Dippach","2007",1.556,142,1.363,1.505,51,3.28
"Dippach","2008",1.568,143,1.36,1.503,65,4.15
"Dippach","2009",1.62,145,1.392,1.537,83,5.12
"Dippach","2010",1.635,144,1.423,1.567,68,4.16
"Dippach","2011",1.692,148,1.457,1.605,87,5.14
"Dippach","2012",1.737,154,1.506,1.66,77,4.43
"Dippach","2013",1.817,168,1.535,1.703,114,6.27
"Dippach","2014",1.889,161,1.606,1.767,122,6.46
"Dippach","2015",1.886,160,1.62,1.78,106,5.62
"Dudelange","2001",7.541,439,6.826,7.265,276,3.66
"Dudelange","2002",7.609,441,6.87,7.311,298,3.92
"Dudelange","2003",7.663,451,6.824,7.275,388,5.06
"Dudelange","2004",7.82,454,6.886,7.34,480,6.14
"Dudelange","2005",7.74,460,6.798,7.258,482,6.23
"Dudelange","2006",7.727,437,6.851,7.288,439,5.68
"Dudelange","2007",7.787,435,6.906,7.341,446,5.73
"Dudelange","2008",7.957,462,6.991,7.453,504,6.33
"Dudelange","2009",8.229,480,7.104,7.584,645,7.84
"Dudelange","2010",8.339,474,7.162,7.636,703,8.43
"Dudelange","2011",8.431,474,7.236,7.71,721,8.55
"Dudelange","2012",8.642,470,7.413,7.883,759,8.78
"Dudelange","2013",8.809,474,7.511,7.985,824,9.35
"Dudelange","2014",8.945,486,7.621,8.107,838,9.37
"Dudelange","2015",9.008,480,7.76,8.24,768,8.53
"Echternach","2001",2.14,232,1.801,2.033,107,5
"Echternach","2002",2.154,235,1.793,2.028,126,5.85
"Echternach","2003",2.138,236,1.788,2.024,114,5.33
"Echternach","2004",2.27,233,1.912,2.145,125,5.51
"Echternach","2005",2.246,234,1.841,2.075,171,7.61
"Echternach","2006",2.236,212,1.839,2.051,185,8.27
"Echternach","2007",2.177,203,1.871,2.074,103,4.73
"Echternach","2008",2.263,196,1.867,2.063,200,8.84
"Echternach","2009",2.322,189,1.89,2.079,243,10.47
"Echternach","2010",2.384,199,1.941,2.14,244,10.23
"Echternach","2011",2.45,209,1.992,2.201,249,10.16
"Echternach","2012",2.452,200,2.014,2.214,238,9.71
"Echternach","2013",2.458,203,1.964,2.167,291,11.84
"Echternach","2014",2.419,215,1.971,2.186,233,9.63
"Echternach","2015",2.336,210,1.91,2.12,216,9.25
"Ell","2001",340,72,264,336,4,1.18
"Ell","2002",354,71,277,348,6,1.69
"Ell","2003",346,72,269,341,5,1.45
"Ell","2004",345,74,265,339,6,1.74
"Ell","2005",385,72,309,381,4,1.04
"Ell","2006",422,73,340,413,9,2.13
"Ell","2007",450,74,369,443,7,1.56
"Ell","2008",459,73,375,448,11,2.4
"Ell","2009",475,70,394,464,11,2.32
"Ell","2010",499,70,419,489,10,2
"Ell","2011",528,75,439,514,14,2.65
"Ell","2012",542,74,447,521,21,3.87
"Ell","2013",554,76,456,532,22,3.97
"Ell","2014",573,71,477,548,25,4.36
"Ell","2015",585,70,490,560,25,4.27
"Erpeldange-sur-Sûre","2001",961,110,843,953,8,0.83
"Erpeldange-sur-Sûre","2002",968,109,845,954,14,1.45
"Erpeldange-sur-Sûre","2003",982,106,855,961,21,2.14
"Erpeldange-sur-Sûre","2004",1.003,100,881,981,22,2.19
"Erpeldange-sur-Sûre","2005",995,103,850,953,42,4.22
"Erpeldange-sur-Sûre","2006",962,89,837,926,36,3.74
"Erpeldange-sur-Sûre","2007",991,88,873,961,30,3.03
"Erpeldange-sur-Sûre","2008",1.007,91,874,965,42,4.17
"Erpeldange-sur-Sûre","2009",1.012,89,879,968,44,4.35
"Erpeldange-sur-Sûre","2010",1.027,90,886,976,51,4.97
"Erpeldange-sur-Sûre","2011",1.021,82,888,970,51,5
"Erpeldange-sur-Sûre","2012",1.051,83,918,1.001,50,4.76
"Erpeldange-sur-Sûre","2013",1.057,86,911,997,60,5.68
"Erpeldange-sur-Sûre","2014",1.082,91,934,1.025,57,5.27
"Erpeldange-sur-Sûre","2015",1.082,90,930,1.02,62,5.73
"Esch-sur-Alzette","2001",11.339,665,10.113,10.778,561,4.95
"Esch-sur-Alzette","2002",11.675,677,10.302,10.979,696,5.96
"Esch-sur-Alzette","2003",11.718,674,10.231,10.905,813,6.94
"Esch-sur-Alzette","2004",12.187,659,10.629,11.288,899,7.38
"Esch-sur-Alzette","2005",11.944,654,10.338,10.992,952,7.97
"Esch-sur-Alzette","2006",12.233,657,10.51,11.167,1.066,8.71
"Esch-sur-Alzette","2007",12.558,634,10.893,11.527,1.031,8.21
"Esch-sur-Alzette","2008",12.869,638,10.955,11.593,1.276,9.92
"Esch-sur-Alzette","2009",13.236,652,11.007,11.659,1.577,11.91
"Esch-sur-Alzette","2010",13.555,638,11.183,11.821,1.734,12.79
"Esch-sur-Alzette","2011",13.869,630,11.469,12.099,1.77,12.76
"Esch-sur-Alzette","2012",14.344,684,11.831,12.515,1.829,12.75
"Esch-sur-Alzette","2013",14.779,694,12.031,12.725,2.054,13.9
"Esch-sur-Alzette","2014",15.152,703,12.452,13.155,1.997,13.18
"Esch-sur-Alzette","2015",15.341,710,12.6,13.31,2.031,13.24
"Esch-sur-Sûre","2001",741,139,579,718,23,3.1
"Esch-sur-Sûre","2002",764,136,603,739,25,3.27
"Esch-sur-Sûre","2003",763,144,588,732,31,4.06
"Esch-sur-Sûre","2004",764,145,596,741,23,3.01
"Esch-sur-Sûre","2005",799,149,620,769,30,3.75
"Esch-sur-Sûre","2006",845,139,667,806,39,4.62
"Esch-sur-Sûre","2007",901,135,733,868,33,3.66
"Esch-sur-Sûre","2008",944,130,765,895,49,5.19
"Esch-sur-Sûre","2009",969,127,793,920,49,5.06
"Esch-sur-Sûre","2010",1.029,131,833,964,65,6.32
"Esch-sur-Sûre","2011",1.09,129,897,1.026,64,5.87
"Esch-sur-Sûre","2012",1.124,118,938,1.056,68,6.05
"Esch-sur-Sûre","2013",1.111,112,927,1.039,72,6.48
"Esch-sur-Sûre","2014",1.112,119,927,1.046,66,5.94
"Esch-sur-Sûre","2015",1.159,110,970,1.08,79,6.82
"Ettelbruck","2001",3.327,229,2.991,3.22,107,3.22
"Ettelbruck","2002",3.318,230,2.982,3.212,106,3.19
"Ettelbruck","2003",3.355,237,2.993,3.23,125,3.73
"Ettelbruck","2004",3.379,248,3.006,3.254,125,3.7
"Ettelbruck","2005",3.364,237,2.928,3.165,199,5.92
"Ettelbruck","2006",3.376,229,2.964,3.193,183,5.42
"Ettelbruck","2007",3.388,233,2.972,3.205,183,5.4
"Ettelbruck","2008",3.418,235,2.978,3.213,205,6
"Ettelbruck","2009",3.419,241,2.919,3.16,259,7.58
"Ettelbruck","2010",3.543,246,3.022,3.268,275,7.76
"Ettelbruck","2011",3.638,244,3.089,3.333,305,8.38
"Ettelbruck","2012",3.692,249,3.1,3.349,343,9.29
"Ettelbruck","2013",3.752,252,3.123,3.375,377,10.05
"Ettelbruck","2014",3.797,256,3.146,3.402,395,10.4
"Ettelbruck","2015",3.831,250,3.14,3.39,441,11.51
"Feulen","2001",649,71,561,632,17,2.62
"Feulen","2002",646,70,556,626,20,3.1
"Feulen","2003",634,69,543,612,22,3.47
"Feulen","2004",656,69,572,641,15,2.29
"Feulen","2005",672,64,580,644,28,4.17
"Feulen","2006",670,61,586,647,23,3.43
"Feulen","2007",689,59,607,666,23,3.34
"Feulen","2008",727,57,646,703,24,3.3
"Feulen","2009",761,59,666,725,36,4.73
"Feulen","2010",760,61,664,725,35,4.61
"Feulen","2011",745,63,643,706,39,5.23
"Feulen","2012",769,60,675,735,34,4.42
"Feulen","2013",825,64,725,789,36,4.36
"Feulen","2014",882,65,782,847,35,3.97
"Feulen","2015",934,70,810,880,54,5.78
"Fischbach","2001",132,21,107,128,4,3.03
"Fischbach","2002",139,20,109,129,10,7.19
"Fischbach","2003",148,18,125,143,5,3.38
"Fischbach","2004",169,16,142,158,11,6.51
"Fischbach","2005",182,18,154,172,10,5.49
"Fischbach","2006",344,43,290,333,11,3.2
"Fischbach","2007",359,41,305,346,13,3.62
"Fischbach","2008",354,43,300,343,11,3.11
"Fischbach","2009",413,49,346,395,18,4.36
"Fischbach","2010",441,48,378,426,15,3.4
"Fischbach","2011",466,49,401,450,16,3.43
"Fischbach","2012",520,54,443,497,23,4.42
"Fischbach","2013",575,51,501,552,23,4
"Fischbach","2014",589,54,512,566,23,3.9
"Fischbach","2015",616,60,530,590,26,4.22
"Flaxweiler","2001",630,123,503,626,4,0.63
"Flaxweiler","2002",670,120,540,660,10,1.49
"Flaxweiler","2003",713,122,579,701,12,1.68
"Flaxweiler","2004",726,119,594,713,13,1.79
"Flaxweiler","2005",739,113,601,714,25,3.38
"Flaxweiler","2006",764,109,634,743,21,2.75
"Flaxweiler","2007",775,113,643,756,19,2.45
"Flaxweiler","2008",796,108,669,777,19,2.39
"Flaxweiler","2009",784,108,655,763,21,2.68
"Flaxweiler","2010",816,101,677,778,38,4.66
"Flaxweiler","2011",844,101,716,817,27,3.2
"Flaxweiler","2012",878,98,744,842,36,4.1
"Flaxweiler","2013",899,96,772,868,31,3.45
"Flaxweiler","2014",906,90,789,879,27,2.98
"Flaxweiler","2015",930,90,810,900,30,3.23
"Frisange","2001",1.326,145,1.161,1.306,20,1.51
"Frisange","2002",1.365,148,1.182,1.33,35,2.56
"Frisange","2003",1.396,134,1.211,1.345,51,3.65
"Frisange","2004",1.459,130,1.275,1.405,54,3.7
"Frisange","2005",1.474,135,1.293,1.428,46,3.12
"Frisange","2006",1.533,139,1.352,1.491,42,2.74
"Frisange","2007",1.661,144,1.463,1.607,54,3.25
"Frisange","2008",1.707,154,1.493,1.647,60,3.51
"Frisange","2009",1.787,150,1.548,1.698,89,4.98
"Frisange","2010",1.81,153,1.564,1.717,93,5.14
"Frisange","2011",1.849,155,1.616,1.771,78,4.22
"Frisange","2012",1.891,152,1.655,1.807,84,4.44
"Frisange","2013",1.95,163,1.699,1.862,88,4.51
"Frisange","2014",1.985,165,1.731,1.896,89,4.48
"Frisange","2015",2.12,170,1.83,2,120,5.66
"Garnich","2001",606,70,526,596,10,1.65
"Garnich","2002",591,65,518,583,8,1.35
"Garnich","2003",600,68,518,586,14,2.33
"Garnich","2004",618,71,532,603,15,2.43
"Garnich","2005",651,72,560,632,19,2.92
"Garnich","2006",652,71,564,635,17,2.61
"Garnich","2007",661,72,573,645,16,2.42
"Garnich","2008",675,73,586,659,16,2.37
"Garnich","2009",825,88,717,805,20,2.42
"Garnich","2010",831,90,717,807,24,2.89
"Garnich","2011",850,92,735,827,23,2.71
"Garnich","2012",873,91,757,848,25,2.86
"Garnich","2013",869,94,750,844,25,2.88
"Garnich","2014",864,88,757,845,19,2.2
"Garnich","2015",899,90,780,870,29,3.23
"Goesdorf","2001",425,62,356,418,7,1.65
"Goesdorf","2002",461,66,382,448,13,2.82
"Goesdorf","2003",458,66,385,451,7,1.53
"Goesdorf","2004",483,68,407,475,8,1.66
"Goesdorf","2005",490,65,410,475,15,3.06
"Goesdorf","2006",528,69,443,512,16,3.03
"Goesdorf","2007",535,67,448,515,20,3.74
"Goesdorf","2008",576,68,487,555,21,3.65
"Goesdorf","2009",598,66,514,580,18,3.01
"Goesdorf","2010",604,67,520,587,17,2.81
"Goesdorf","2011",631,63,544,607,24,3.8
"Goesdorf","2012",649,64,558,622,27,4.16
"Goesdorf","2013",676,63,579,642,34,5.03
"Goesdorf","2014",724,69,619,688,36,4.97
"Goesdorf","2015",738,70,620,690,48,6.5
"Grand Duchy of Luxembourg","2001",185.477,17.677,162.407,180.084,5.393,2.91
"Grand Duchy of Luxembourg","2002",188.777,17.727,164.277,182.004,6.773,3.59
"Grand Duchy of Luxembourg","2003",191.778,17.91,165.509,183.419,8.359,4.36
"Grand Duchy of Luxembourg","2004",195.751,18.111,168.214,186.325,9.426,4.82
"Grand Duchy of Luxembourg","2005",198.033,18.186,169.194,187.38,10.653,5.38
"Grand Duchy of Luxembourg","2006",202.392,18.05,174.045,192.095,10.297,5.09
"Grand Duchy of Luxembourg","2007",207.156,18.31,179.176,197.486,9.67,4.67
"Grand Duchy of Luxembourg","2008",213.699,18.498,183.705,202.203,11.496,5.38
"Grand Duchy of Luxembourg","2009",218.943,18.758,185.369,204.127,14.816,6.77
"Grand Duchy of Luxembourg","2010",223.49,18.94,188.983,207.923,15.567,6.97
"Grand Duchy of Luxembourg","2011",230.253,19.201,194.893,214.094,16.159,7.02
"Grand Duchy of Luxembourg","2012",236.131,19.427,199.741,219.168,16.963,7.18
"Grand Duchy of Luxembourg","2013",242.694,19.872,203.535,223.407,19.287,7.95
"Grand Duchy of Luxembourg","2014",247.785,20.185,208.238,228.423,19.362,7.81
"Grand Duchy of Luxembourg","2015",251.936,20.6,212.53,233.13,18.806,7.46
"Grevenmacher","2001",1.871,183,1.644,1.827,44,2.35
"Grevenmacher","2002",1.949,180,1.707,1.887,62,3.18
"Grevenmacher","2003",1.995,183,1.757,1.94,55,2.76
"Grevenmacher","2004",2.023,186,1.761,1.947,76,3.76
"Grevenmacher","2005",2.105,192,1.818,2.01,95,4.51
"Grevenmacher","2006",1.873,146,1.638,1.784,89,4.75
"Grevenmacher","2007",1.921,140,1.692,1.832,89,4.63
"Grevenmacher","2008",1.97,137,1.745,1.882,88,4.47
"Grevenmacher","2009",2.025,138,1.753,1.891,134,6.62
"Grevenmacher","2010",2.03,136,1.759,1.895,135,6.65
"Grevenmacher","2011",2.101,141,1.806,1.947,154,7.33
"Grevenmacher","2012",2.088,135,1.817,1.952,136,6.51
"Grevenmacher","2013",2.138,139,1.848,1.987,151,7.06
"Grevenmacher","2014",2.192,140,1.886,2.026,166,7.57
"Grevenmacher","2015",2.181,150,1.89,2.04,141,6.46
"Grosbous","2001",276,32,242,274,2,0.72
"Grosbous","2002",276,31,243,274,2,0.72
"Grosbous","2003",288,30,254,284,4,1.39
"Grosbous","2004",320,30,282,312,8,2.5
"Grosbous","2005",326,27,290,317,9,2.76
"Grosbous","2006",397,47,335,382,15,3.78
"Grosbous","2007",404,44,347,391,13,3.22
"Grosbous","2008",416,42,358,400,16,3.85
"Grosbous","2009",446,44,382,426,20,4.48
"Grosbous","2010",441,47,375,422,19,4.31
"Grosbous","2011",458,45,383,428,30,6.55
"Grosbous","2012",454,48,383,431,23,5.07
"Grosbous","2013",472,47,393,440,32,6.78
"Grosbous","2014",484,42,409,451,33,6.82
"Grosbous","2015",510,50,420,470,40,7.84
"Heffingen","2001",346,52,286,338,8,2.31
"Heffingen","2002",355,53,297,350,5,1.41
"Heffingen","2003",373,62,303,365,8,2.14
"Heffingen","2004",382,60,313,373,9,2.36
"Heffingen","2005",404,57,336,393,11,2.72
"Heffingen","2006",417,54,354,408,9,2.16
"Heffingen","2007",435,58,373,431,4,0.92
"Heffingen","2008",462,60,391,451,11,2.38
"Heffingen","2009",470,61,396,457,13,2.77
"Heffingen","2010",488,57,419,476,12,2.46
"Heffingen","2011",503,57,425,482,21,4.17
"Heffingen","2012",508,53,442,495,13,2.56
"Heffingen","2013",564,57,484,541,23,4.08
"Heffingen","2014",572,57,495,552,20,3.5
"Heffingen","2015",601,60,520,580,21,3.49
"Hesperange","2001",4.32,387,3.832,4.219,101,2.34
"Hesperange","2002",4.398,379,3.877,4.256,142,3.23
"Hesperange","2003",4.528,402,3.945,4.347,181,4
"Hesperange","2004",4.661,401,4.038,4.439,222,4.76
"Hesperange","2005",4.839,400,4.234,4.634,205,4.24
"Hesperange","2006",5.256,451,4.604,5.055,201,3.82
"Hesperange","2007",5.47,479,4.81,5.289,181,3.31
"Hesperange","2008",5.679,492,4.948,5.44,239,4.21
"Hesperange","2009",5.862,494,5.041,5.535,327,5.58
"Hesperange","2010",6.013,503,5.172,5.675,338,5.62
"Hesperange","2011",6.095,525,5.235,5.76,335,5.5
"Hesperange","2012",6.233,529,5.364,5.893,340,5.45
"Hesperange","2013",6.314,554,5.39,5.944,370,5.86
"Hesperange","2014",6.422,587,5.44,6.027,395,6.15
"Hesperange","2015",6.543,610,5.55,6.16,383,5.85
"Hobscheid","2001",974,80,877,957,17,1.75
"Hobscheid","2002",1.016,80,908,988,28,2.76
"Hobscheid","2003",1.067,75,963,1.038,29,2.72
"Hobscheid","2004",1.126,77,998,1.075,51,4.53
"Hobscheid","2005",1.153,78,1.035,1.113,40,3.47
"Hobscheid","2006",1.195,79,1.062,1.141,54,4.52
"Hobscheid","2007",1.246,85,1.12,1.205,41,3.29
"Hobscheid","2008",1.327,91,1.191,1.282,45,3.39
"Hobscheid","2009",1.355,98,1.194,1.292,63,4.65
"Hobscheid","2010",1.392,93,1.246,1.339,53,3.81
"Hobscheid","2011",1.431,96,1.285,1.381,50,3.49
"Hobscheid","2012",1.464,105,1.297,1.402,62,4.23
"Hobscheid","2013",1.505,116,1.315,1.431,74,4.92
"Hobscheid","2014",1.571,115,1.39,1.505,66,4.2
"Hobscheid","2015",1.543,120,1.35,1.47,73,4.73
"Junglinster","2001",2.358,259,2.069,2.328,30,1.27
"Junglinster","2002",2.373,256,2.066,2.322,51,2.15
"Junglinster","2003",2.378,259,2.071,2.33,48,2.02
"Junglinster","2004",2.4,248,2.097,2.345,55,2.29
"Junglinster","2005",2.481,241,2.174,2.415,66,2.66
"Junglinster","2006",2.542,246,2.223,2.469,73,2.87
"Junglinster","2007",2.579,261,2.261,2.522,57,2.21
"Junglinster","2008",2.626,255,2.3,2.555,71,2.7
"Junglinster","2009",2.693,268,2.34,2.608,85,3.16
"Junglinster","2010",2.782,274,2.416,2.69,92,3.31
"Junglinster","2011",2.808,287,2.426,2.713,95,3.38
"Junglinster","2012",2.874,286,2.461,2.747,127,4.42
"Junglinster","2013",2.96,296,2.528,2.824,136,4.59
"Junglinster","2014",3.077,292,2.669,2.961,116,3.77
"Junglinster","2015",3.163,300,2.74,3.04,123,3.89
"Käerjeng","2001",3.509,268,3.165,3.433,76,2.17
"Käerjeng","2002",3.645,270,3.288,3.558,87,2.39
"Käerjeng","2003",3.675,277,3.302,3.579,96,2.61
"Käerjeng","2004",3.765,283,3.352,3.635,130,3.45
"Käerjeng","2005",3.897,302,3.436,3.738,159,4.08
"Käerjeng","2006",3.938,292,3.488,3.78,158,4.01
"Käerjeng","2007",3.997,281,3.574,3.855,142,3.55
"Käerjeng","2008",4.06,281,3.623,3.904,156,3.84
"Käerjeng","2009",4.145,290,3.634,3.924,221,5.33
"Käerjeng","2010",4.198,299,3.682,3.981,217,5.17
"Käerjeng","2011",4.271,303,3.737,4.04,231,5.41
"Käerjeng","2012",4.34,291,3.805,4.096,244,5.62
"Käerjeng","2013",4.355,294,3.8,4.094,261,5.99
"Käerjeng","2014",4.416,289,3.84,4.129,287,6.5
"Käerjeng","2015",4.39,310,3.82,4.13,260,5.92
"Kayl","2001",2.975,182,2.7,2.882,93,3.13
"Kayl","2002",3.049,177,2.771,2.948,101,3.31
"Kayl","2003",3.105,178,2.784,2.962,143,4.61
"Kayl","2004",3.163,184,2.827,3.011,152,4.81
"Kayl","2005",3.183,181,2.845,3.026,157,4.93
"Kayl","2006",3.271,175,2.913,3.088,183,5.59
"Kayl","2007",3.371,175,3.021,3.196,175,5.19
"Kayl","2008",3.446,177,3.058,3.235,211,6.12
"Kayl","2009",3.497,182,3.039,3.221,276,7.89
"Kayl","2010",3.58,198,3.098,3.296,284,7.93
"Kayl","2011",3.692,197,3.196,3.393,299,8.1
"Kayl","2012",3.783,201,3.295,3.496,287,7.59
"Kayl","2013",3.863,196,3.334,3.53,333,8.62
"Kayl","2014",3.872,201,3.338,3.539,333,8.6
"Kayl","2015",3.98,200,3.48,3.68,300,7.54
"Kehlen","2001",1.807,211,1.569,1.78,27,1.49
"Kehlen","2002",1.813,210,1.56,1.77,43,2.37
"Kehlen","2003",1.833,227,1.561,1.788,45,2.45
"Kehlen","2004",1.863,230,1.583,1.813,50,2.68
"Kehlen","2005",1.883,229,1.599,1.828,55,2.92
"Kehlen","2006",1.95,234,1.648,1.882,68,3.49
"Kehlen","2007",1.917,249,1.62,1.869,48,2.5
"Kehlen","2008",2.042,251,1.726,1.977,65,3.18
"Kehlen","2009",2.087,259,1.746,2.005,82,3.93
"Kehlen","2010",2.148,267,1.801,2.068,80,3.72
"Kehlen","2011",2.153,279,1.793,2.072,81,3.76
"Kehlen","2012",2.213,279,1.855,2.134,79,3.57
"Kehlen","2013",2.244,272,1.874,2.146,98,4.37
"Kehlen","2014",2.263,275,1.897,2.172,91,4.02
"Kehlen","2015",2.25,260,1.91,2.17,80,3.56
"Kiischpelt","2001",362,56,291,347,15,4.14
"Kiischpelt","2002",359,56,293,349,10,2.79
"Kiischpelt","2003",370,56,300,356,14,3.78
"Kiischpelt","2004",393,57,314,371,22,5.6
"Kiischpelt","2005",395,57,308,365,30,7.59
"Kiischpelt","2006",406,55,325,380,26,6.4
"Kiischpelt","2007",407,56,324,380,27,6.63
"Kiischpelt","2008",428,55,344,399,29,6.78
"Kiischpelt","2009",433,54,349,403,30,6.93
"Kiischpelt","2010",441,53,355,408,33,7.48
"Kiischpelt","2011",462,51,376,427,35,7.58
"Kiischpelt","2012",495,48,404,452,43,8.69
"Kiischpelt","2013",485,50,390,440,45,9.28
"Kiischpelt","2014",487,54,391,445,42,8.62
"Kiischpelt","2015",487,50,400,450,37,7.6
"Koerich","2001",733,83,640,723,10,1.36
"Koerich","2002",759,84,655,739,20,2.64
"Koerich","2003",794,80,686,766,28,3.53
"Koerich","2004",797,82,688,770,27,3.39
"Koerich","2005",822,85,712,797,25,3.04
"Koerich","2006",884,97,767,864,20,2.26
"Koerich","2007",934,106,805,911,23,2.46
"Koerich","2008",947,110,807,917,30,3.17
"Koerich","2009",963,117,816,933,30,3.12
"Koerich","2010",999,113,854,967,32,3.2
"Koerich","2011",999,116,852,968,31,3.1
"Koerich","2012",1.007,115,858,973,34,3.38
"Koerich","2013",1.016,113,858,971,45,4.43
"Koerich","2014",1.045,120,887,1.007,38,3.64
"Koerich","2015",1.091,130,920,1.05,41,3.76
"Kopstal","2001",1.116,174,925,1.099,17,1.52
"Kopstal","2002",1.13,179,926,1.105,25,2.21
"Kopstal","2003",1.172,185,957,1.142,30,2.56
"Kopstal","2004",1.172,178,954,1.132,40,3.41
"Kopstal","2005",1.188,183,966,1.149,39,3.28
"Kopstal","2006",1.176,182,958,1.14,36,3.06
"Kopstal","2007",1.199,186,977,1.163,36,3
"Kopstal","2008",1.19,192,957,1.149,41,3.45
"Kopstal","2009",1.186,184,945,1.129,57,4.81
"Kopstal","2010",1.213,186,970,1.156,57,4.7
"Kopstal","2011",1.252,182,1.015,1.197,55,4.39
"Kopstal","2012",1.249,182,1.018,1.2,49,3.92
"Kopstal","2013",1.284,189,1.029,1.218,66,5.14
"Kopstal","2014",1.329,186,1.082,1.268,61,4.59
"Kopstal","2015",1.372,200,1.1,1.3,72,5.25
"Lac de la Haute-Sûre","2001",570,92,461,553,17,2.98
"Lac de la Haute-Sûre","2002",590,86,486,572,18,3.05
"Lac de la Haute-Sûre","2003",598,90,492,582,16,2.68
"Lac de la Haute-Sûre","2004",627,92,513,605,22,3.51
"Lac de la Haute-Sûre","2005",617,97,502,599,18,2.92
"Lac de la Haute-Sûre","2006",628,98,507,605,23,3.66
"Lac de la Haute-Sûre","2007",649,95,519,614,35,5.39
"Lac de la Haute-Sûre","2008",675,89,552,641,34,5.04
"Lac de la Haute-Sûre","2009",709,95,570,665,44,6.21
"Lac de la Haute-Sûre","2010",675,94,543,637,38,5.63
"Lac de la Haute-Sûre","2011",706,98,569,667,39,5.52
"Lac de la Haute-Sûre","2012",749,103,601,704,45,6.01
"Lac de la Haute-Sûre","2013",757,99,616,715,42,5.55
"Lac de la Haute-Sûre","2014",797,104,633,737,60,7.53
"Lac de la Haute-Sûre","2015",768,100,610,710,58,7.55
"Larochette","2001",869,72,776,848,21,2.42
"Larochette","2002",887,73,782,855,32,3.61
"Larochette","2003",867,69,763,832,35,4.04
"Larochette","2004",902,73,786,859,43,4.77
"Larochette","2005",873,73,761,834,39,4.47
"Larochette","2006",883,60,777,837,46,5.21
"Larochette","2007",933,63,816,879,54,5.79
"Larochette","2008",994,69,860,929,65,6.54
"Larochette","2009",965,68,824,892,73,7.56
"Larochette","2010",990,65,862,927,63,6.36
"Larochette","2011",1,68,872,940,60,6
"Larochette","2012",1.018,65,878,943,75,7.37
"Larochette","2013",1.039,67,900,967,72,6.93
"Larochette","2014",1.03,59,885,944,86,8.35
"Larochette","2015",1.03,70,880,950,80,7.77
"Lenningen","2001",498,51,442,493,5,1
"Lenningen","2002",517,49,454,503,14,2.71
"Lenningen","2003",538,52,470,522,16,2.97
"Lenningen","2004",545,50,476,526,19,3.49
"Lenningen","2005",550,48,483,531,19,3.45
"Lenningen","2006",663,53,596,649,14,2.11
"Lenningen","2007",691,55,620,675,16,2.32
"Lenningen","2008",697,51,628,679,18,2.58
"Lenningen","2009",734,53,649,702,32,4.36
"Lenningen","2010",767,57,678,735,32,4.17
"Lenningen","2011",797,61,703,764,33,4.14
"Lenningen","2012",800,57,721,778,22,2.75
"Lenningen","2013",817,57,719,776,41,5.02
"Lenningen","2014",826,57,723,780,46,5.57
"Lenningen","2015",829,60,720,780,49,5.91
"Leudelange","2001",845,102,736,838,7,0.83
"Leudelange","2002",846,102,734,836,10,1.18
"Leudelange","2003",844,101,727,828,16,1.9
"Leudelange","2004",869,104,738,842,27,3.11
"Leudelange","2005",930,121,791,912,18,1.94
"Leudelange","2006",947,115,806,921,26,2.75
"Leudelange","2007",958,115,826,941,17,1.77
"Leudelange","2008",1.01,118,867,985,25,2.48
"Leudelange","2009",1.004,113,856,969,35,3.49
"Leudelange","2010",1.021,115,859,974,47,4.6
"Leudelange","2011",1.028,115,882,997,31,3.02
"Leudelange","2012",1.075,112,924,1.036,39,3.63
"Leudelange","2013",1.096,127,937,1.064,32,2.92
"Leudelange","2014",1.136,137,965,1.102,34,2.99
"Leudelange","2015",1.171,150,980,1.13,41,3.5
"Lintgen","2001",999,56,934,990,9,0.9
"Lintgen","2002",1.045,66,960,1.026,19,1.82
"Lintgen","2003",1.073,65,978,1.043,30,2.8
"Lintgen","2004",1.09,70,978,1.048,42,3.85
"Lintgen","2005",1.118,64,995,1.059,59,5.28
"Lintgen","2006",1.145,61,1.034,1.095,50,4.37
"Lintgen","2007",1.175,62,1.066,1.128,47,4
"Lintgen","2008",1.216,59,1.099,1.158,58,4.77
"Lintgen","2009",1.232,68,1.113,1.181,51,4.14
"Lintgen","2010",1.281,70,1.15,1.22,61,4.76
"Lintgen","2011",1.303,67,1.179,1.246,57,4.37
"Lintgen","2012",1.348,75,1.203,1.278,70,5.19
"Lintgen","2013",1.381,72,1.23,1.302,79,5.72
"Lintgen","2014",1.4,80,1.232,1.312,88,6.29
"Lintgen","2015",1.402,90,1.23,1.32,82,5.85
"Lorentzweiler","2001",1.166,82,1.068,1.15,16,1.37
"Lorentzweiler","2002",1.187,82,1.076,1.158,29,2.44
"Lorentzweiler","2003",1.198,84,1.086,1.17,28,2.34
"Lorentzweiler","2004",1.252,81,1.127,1.208,44,3.51
"Lorentzweiler","2005",1.245,83,1.12,1.203,42,3.37
"Lorentzweiler","2006",1.235,79,1.109,1.188,47,3.81
"Lorentzweiler","2007",1.276,83,1.147,1.23,46,3.61
"Lorentzweiler","2008",1.315,89,1.176,1.265,50,3.8
"Lorentzweiler","2009",1.382,95,1.223,1.318,64,4.63
"Lorentzweiler","2010",1.464,110,1.284,1.394,70,4.78
"Lorentzweiler","2011",1.488,115,1.308,1.423,65,4.37
"Lorentzweiler","2012",1.505,112,1.335,1.447,58,3.85
"Lorentzweiler","2013",1.528,116,1.335,1.451,77,5.04
"Lorentzweiler","2014",1.537,121,1.331,1.452,85,5.53
"Lorentzweiler","2015",1.532,120,1.34,1.46,72,4.7
"Luxembourg","2001",34.391,2.891,30.357,33.248,1.143,3.32
"Luxembourg","2002",34.802,2.939,30.298,33.237,1.565,4.5
"Luxembourg","2003",35.195,3.03,30.13,33.16,2.035,5.78
"Luxembourg","2004",35.561,3.059,30.11,33.169,2.392,6.73
"Luxembourg","2005",35.611,3.134,29.833,32.967,2.644,7.42
"Luxembourg","2006",35.454,3.118,30.309,33.427,2.027,5.72
"Luxembourg","2007",36.133,3.254,31.118,34.372,1.761,4.87
"Luxembourg","2008",37.51,3.393,31.885,35.278,2.232,5.95
"Luxembourg","2009",37.924,3.487,31.59,35.077,2.847,7.51
"Luxembourg","2010",38.626,3.543,32.123,35.666,2.96,7.66
"Luxembourg","2011",40.326,3.66,33.552,37.212,3.114,7.72
"Luxembourg","2012",41.824,3.81,34.64,38.45,3.374,8.07
"Luxembourg","2013",43.368,3.982,35.531,39.513,3.855,8.89
"Luxembourg","2014",44.604,4.107,36.661,40.768,3.836,8.6
"Luxembourg","2015",45.221,4.14,37.51,41.65,3.571,7.9
"Mamer","2001",2.633,304,2.271,2.575,58,2.2
"Mamer","2002",2.695,309,2.298,2.607,88,3.27
"Mamer","2003",2.638,317,2.216,2.533,105,3.98
"Mamer","2004",2.672,318,2.254,2.572,100,3.74
"Mamer","2005",2.671,308,2.255,2.563,108,4.04
"Mamer","2006",2.647,288,2.267,2.555,92,3.48
"Mamer","2007",2.688,278,2.315,2.593,95,3.53
"Mamer","2008",2.771,272,2.39,2.662,109,3.93
"Mamer","2009",2.897,279,2.462,2.741,156,5.38
"Mamer","2010",2.981,296,2.525,2.821,160,5.37
"Mamer","2011",3.061,306,2.555,2.861,200,6.53
"Mamer","2012",3.064,323,2.583,2.906,158,5.16
"Mamer","2013",3.209,338,2.664,3.002,207,6.45
"Mamer","2014",3.326,342,2.782,3.124,202,6.07
"Mamer","2015",3.309,370,2.77,3.14,169,5.11
"Manternach","2001",342,47,288,335,7,2.05
"Manternach","2002",358,46,301,347,11,3.07
"Manternach","2003",377,42,322,364,13,3.45
"Manternach","2004",393,45,330,375,18,4.58
"Manternach","2005",416,50,347,397,19,4.57
"Manternach","2006",652,79,557,636,16,2.45
"Manternach","2007",704,80,606,686,18,2.56
"Manternach","2008",734,78,633,711,23,3.13
"Manternach","2009",746,81,637,718,28,3.75
"Manternach","2010",749,75,644,719,30,4.01
"Manternach","2011",786,80,672,752,34,4.33
"Manternach","2012",800,81,683,764,36,4.5
"Manternach","2013",831,77,719,796,35,4.21
"Manternach","2014",818,72,717,789,29,3.55
"Manternach","2015",824,80,710,790,34,4.13
"Mersch","2001",3.294,290,2.934,3.224,70,2.13
"Mersch","2002",3.328,287,2.95,3.237,91,2.73
"Mersch","2003",3.364,271,2.981,3.252,112,3.33
"Mersch","2004",3.4,285,2.986,3.271,129,3.79
"Mersch","2005",3.498,280,3.045,3.325,173,4.95
"Mersch","2006",3.358,256,2.943,3.199,159,4.73
"Mersch","2007",3.443,250,3.057,3.307,136,3.95
"Mersch","2008",3.46,242,3.056,3.298,162,4.68
"Mersch","2009",3.531,238,3.086,3.324,207,5.86
"Mersch","2010",3.668,241,3.197,3.438,230,6.27
"Mersch","2011",3.826,243,3.311,3.554,272,7.11
"Mersch","2012",3.94,247,3.423,3.67,270,6.85
"Mersch","2013",4.044,246,3.508,3.754,290,7.17
"Mersch","2014",4.063,254,3.536,3.79,273,6.72
"Mersch","2015",4.222,260,3.69,3.95,272,6.44
"Mertert","2001",1.441,146,1.264,1.41,31,2.15
"Mertert","2002",1.45,146,1.261,1.407,43,2.97
"Mertert","2003",1.503,147,1.284,1.431,72,4.79
"Mertert","2004",1.489,141,1.285,1.426,63,4.23
"Mertert","2005",1.572,146,1.337,1.483,89,5.66
"Mertert","2006",1.574,139,1.345,1.484,90,5.72
"Mertert","2007",1.62,131,1.397,1.528,92,5.68
"Mertert","2008",1.637,139,1.407,1.546,91,5.56
"Mertert","2009",1.689,147,1.397,1.544,145,8.58
"Mertert","2010",1.747,147,1.454,1.601,146,8.36
"Mertert","2011",1.824,140,1.534,1.674,150,8.22
"Mertert","2012",1.887,146,1.592,1.738,149,7.9
"Mertert","2013",1.922,141,1.66,1.801,121,6.3
"Mertert","2014",1.967,138,1.677,1.815,152,7.73
"Mertert","2015",1.988,140,1.69,1.83,158,7.95
"Mertzig","2001",607,43,552,595,12,1.98
"Mertzig","2002",650,46,581,627,23,3.54
"Mertzig","2003",659,48,598,646,13,1.97
"Mertzig","2004",662,50,595,645,17,2.57
"Mertzig","2005",693,56,603,659,34,4.91
"Mertzig","2006",690,57,609,666,24,3.48
"Mertzig","2007",734,57,651,708,26,3.54
"Mertzig","2008",783,55,696,751,32,4.09
"Mertzig","2009",758,53,667,720,38,5.01
"Mertzig","2010",783,60,684,744,39,4.98
"Mertzig","2011",849,56,755,811,38,4.48
"Mertzig","2012",890,60,786,846,44,4.94
"Mertzig","2013",957,61,840,901,56,5.85
"Mertzig","2014",1.006,65,888,953,53,5.27
"Mertzig","2015",978,60,870,930,48,4.91
"Mompach","2001",335,57,270,327,8,2.39
"Mompach","2002",348,61,275,336,12,3.45
"Mompach","2003",349,59,275,334,15,4.3
"Mompach","2004",342,62,266,328,14,4.09
"Mompach","2005",338,61,259,320,18,5.33
"Mompach","2006",398,70,309,379,19,4.77
"Mompach","2007",439,72,338,410,29,6.61
"Mompach","2008",450,72,353,425,25,5.56
"Mompach","2009",455,64,361,425,30,6.59
"Mompach","2010",445,68,351,419,26,5.84
"Mompach","2011",480,65,381,446,34,7.08
"Mompach","2012",518,63,426,489,29,5.6
"Mompach","2013",530,63,440,503,27,5.09
"Mompach","2014",538,59,455,514,24,4.46
"Mompach","2015",555,50,480,530,25,4.5
"Mondercange","2001",2.566,288,2.237,2.525,41,1.6
"Mondercange","2002",2.543,273,2.205,2.478,65,2.56
"Mondercange","2003",2.558,261,2.235,2.496,62,2.42
"Mondercange","2004",2.559,263,2.209,2.472,87,3.4
"Mondercange","2005",2.57,256,2.217,2.473,97,3.77
"Mondercange","2006",2.565,254,2.222,2.476,89,3.47
"Mondercange","2007",2.579,244,2.246,2.49,89,3.45
"Mondercange","2008",2.632,231,2.321,2.552,80,3.04
"Mondercange","2009",2.681,243,2.314,2.557,124,4.63
"Mondercange","2010",2.683,240,2.305,2.545,138,5.14
"Mondercange","2011",2.742,240,2.375,2.615,127,4.63
"Mondercange","2012",2.762,241,2.408,2.649,113,4.09
"Mondercange","2013",2.812,263,2.42,2.683,129,4.59
"Mondercange","2014",2.84,269,2.427,2.696,144,5.07
"Mondercange","2015",2.866,260,2.47,2.73,136,4.75
"Mondorf-les-Bains","2001",1.419,194,1.19,1.384,35,2.47
"Mondorf-les-Bains","2002",1.526,193,1.274,1.467,59,3.87
"Mondorf-les-Bains","2003",1.534,189,1.278,1.467,67,4.37
"Mondorf-les-Bains","2004",1.594,200,1.327,1.527,67,4.2
"Mondorf-les-Bains","2005",1.632,209,1.345,1.554,78,4.78
"Mondorf-les-Bains","2006",1.676,197,1.402,1.599,77,4.59
"Mondorf-les-Bains","2007",1.726,191,1.453,1.644,82,4.75
"Mondorf-les-Bains","2008",1.876,208,1.558,1.766,110,5.86
"Mondorf-les-Bains","2009",1.901,201,1.569,1.77,131,6.89
"Mondorf-les-Bains","2010",1.967,202,1.606,1.808,159,8.08
"Mondorf-les-Bains","2011",2.003,202,1.664,1.866,137,6.84
"Mondorf-les-Bains","2012",2.016,194,1.678,1.872,144,7.14
"Mondorf-les-Bains","2013",2.067,186,1.716,1.902,165,7.98
"Mondorf-les-Bains","2014",2.005,178,1.644,1.822,183,9.13
"Mondorf-les-Bains","2015",2.083,180,1.73,1.91,173,8.31
"Niederanven","2001",1.866,210,1.623,1.833,33,1.77
"Niederanven","2002",1.894,224,1.627,1.851,43,2.27
"Niederanven","2003",1.884,221,1.615,1.836,48,2.55
"Niederanven","2004",1.912,235,1.626,1.861,51,2.67
"Niederanven","2005",1.943,248,1.639,1.887,56,2.88
"Niederanven","2006",1.921,250,1.618,1.868,53,2.76
"Niederanven","2007",1.981,255,1.673,1.928,53,2.68
"Niederanven","2008",1.994,268,1.663,1.931,63,3.16
"Niederanven","2009",1.888,264,1.549,1.813,75,3.97
"Niederanven","2010",1.886,268,1.545,1.813,73,3.87
"Niederanven","2011",1.873,263,1.548,1.811,62,3.31
"Niederanven","2012",1.94,266,1.59,1.856,84,4.33
"Niederanven","2013",2.01,278,1.659,1.937,73,3.63
"Niederanven","2014",2.005,294,1.625,1.919,86,4.29
"Niederanven","2015",2.013,320,1.6,1.92,93,4.62
"Nommern","2001",479,84,385,469,10,2.09
"Nommern","2002",484,81,387,468,16,3.31
"Nommern","2003",481,78,390,468,13,2.7
"Nommern","2004",483,82,385,467,16,3.31
"Nommern","2005",498,84,389,473,25,5.02
"Nommern","2006",501,83,398,481,20,3.99
"Nommern","2007",523,83,423,506,17,3.25
"Nommern","2008",552,79,452,531,21,3.8
"Nommern","2009",578,81,470,551,27,4.67
"Nommern","2010",577,87,460,547,30,5.2
"Nommern","2011",581,81,465,546,35,6.02
"Nommern","2012",589,78,486,564,25,4.24
"Nommern","2013",596,80,493,573,23,3.86
"Nommern","2014",646,80,538,618,28,4.33
"Nommern","2015",662,80,550,630,32,4.83
"Parc Hosingen","2001",947,161,761,922,25,2.64
"Parc Hosingen","2002",1.007,155,821,976,31,3.08
"Parc Hosingen","2003",1.046,151,854,1.005,41,3.92
"Parc Hosingen","2004",1.084,158,890,1.048,36,3.32
"Parc Hosingen","2005",1.12,152,933,1.085,35,3.13
"Parc Hosingen","2006",1.194,158,982,1.14,54,4.52
"Parc Hosingen","2007",1.244,163,1.022,1.185,59,4.74
"Parc Hosingen","2008",1.294,159,1.079,1.238,56,4.33
"Parc Hosingen","2009",1.353,160,1.129,1.289,64,4.73
"Parc Hosingen","2010",1.397,162,1.153,1.315,82,5.87
"Parc Hosingen","2011",1.441,159,1.199,1.358,83,5.76
"Parc Hosingen","2012",1.499,157,1.256,1.413,86,5.74
"Parc Hosingen","2013",1.549,158,1.29,1.448,101,6.52
"Parc Hosingen","2014",1.579,158,1.328,1.486,93,5.89
"Parc Hosingen","2015",1.591,150,1.34,1.49,101,6.35
"Pétange","2001",5.545,314,5.063,5.377,168,3.03
"Pétange","2002",5.692,315,5.141,5.456,236,4.15
"Pétange","2003",5.816,312,5.225,5.537,279,4.8
"Pétange","2004",5.992,324,5.31,5.634,358,5.97
"Pétange","2005",5.999,319,5.327,5.646,353,5.88
"Pétange","2006",6.124,302,5.436,5.738,386,6.3
"Pétange","2007",6.276,294,5.605,5.899,377,6.01
"Pétange","2008",6.461,289,5.736,6.025,436,6.75
"Pétange","2009",6.658,305,5.795,6.1,558,8.38
"Pétange","2010",6.856,318,5.964,6.282,574,8.37
"Pétange","2011",7.068,319,6.106,6.425,643,9.1
"Pétange","2012",7.274,326,6.255,6.581,693,9.53
"Pétange","2013",7.577,347,6.42,6.767,810,10.69
"Pétange","2014",7.795,349,6.641,6.99,805,10.33
"Pétange","2015",8.015,370,6.92,7.29,725,9.05
"Préizerdaul","2001",580,68,506,574,6,1.03
"Préizerdaul","2002",594,68,517,585,9,1.52
"Préizerdaul","2003",611,68,533,601,10,1.64
"Préizerdaul","2004",626,66,545,611,15,2.4
"Préizerdaul","2005",642,65,567,632,10,1.56
"Préizerdaul","2006",599,54,520,574,25,4.17
"Préizerdaul","2007",616,56,542,598,18,2.92
"Préizerdaul","2008",630,57,555,612,18,2.86
"Préizerdaul","2009",645,56,565,621,24,3.72
"Préizerdaul","2010",653,59,566,625,28,4.29
"Préizerdaul","2011",672,62,589,651,21,3.13
"Préizerdaul","2012",686,64,596,660,26,3.79
"Préizerdaul","2013",771,65,671,736,35,4.54
"Préizerdaul","2014",767,71,654,725,42,5.48
"Préizerdaul","2015",777,70,670,740,37,4.76
"Putscheid","2001",316,56,252,308,8,2.53
"Putscheid","2002",318,49,254,303,15,4.72
"Putscheid","2003",331,45,272,317,14,4.23
"Putscheid","2004",339,47,274,321,18,5.31
"Putscheid","2005",362,49,297,346,16,4.42
"Putscheid","2006",398,48,321,369,29,7.29
"Putscheid","2007",405,44,340,384,21,5.19
"Putscheid","2008",401,41,343,384,17,4.24
"Putscheid","2009",426,41,364,405,21,4.93
"Putscheid","2010",458,43,392,435,23,5.02
"Putscheid","2011",469,44,400,444,25,5.33
"Putscheid","2012",475,44,410,454,21,4.42
"Putscheid","2013",487,41,417,458,29,5.95
"Putscheid","2014",497,36,424,460,37,7.44
"Putscheid","2015",500,30,450,480,20,4
"Rambrouch","2001",1.341,245,1.072,1.317,24,1.79
"Rambrouch","2002",1.356,234,1.081,1.315,41,3.02
"Rambrouch","2003",1.417,238,1.113,1.351,66,4.66
"Rambrouch","2004",1.425,253,1.113,1.366,59,4.14
"Rambrouch","2005",1.461,256,1.139,1.395,66,4.52
"Rambrouch","2006",1.514,247,1.205,1.452,62,4.1
"Rambrouch","2007",1.55,248,1.231,1.479,71,4.58
"Rambrouch","2008",1.564,244,1.238,1.482,82,5.24
"Rambrouch","2009",1.662,243,1.313,1.556,106,6.38
"Rambrouch","2010",1.667,243,1.314,1.557,110,6.6
"Rambrouch","2011",1.752,239,1.39,1.629,123,7.02
"Rambrouch","2012",1.76,242,1.401,1.643,117,6.65
"Rambrouch","2013",1.789,228,1.413,1.641,148,8.27
"Rambrouch","2014",1.828,228,1.464,1.692,136,7.44
"Rambrouch","2015",1.85,250,1.44,1.69,160,8.65
"Reckange-sur-Mess","2001",740,118,612,730,10,1.35
"Reckange-sur-Mess","2002",762,115,637,752,10,1.31
"Reckange-sur-Mess","2003",793,112,666,778,15,1.89
"Reckange-sur-Mess","2004",809,106,689,795,14,1.73
"Reckange-sur-Mess","2005",841,102,725,827,14,1.66
"Reckange-sur-Mess","2006",890,104,769,873,17,1.91
"Reckange-sur-Mess","2007",918,103,803,906,12,1.31
"Reckange-sur-Mess","2008",947,109,814,923,24,2.53
"Reckange-sur-Mess","2009",934,114,788,902,32,3.43
"Reckange-sur-Mess","2010",922,113,788,901,21,2.28
"Reckange-sur-Mess","2011",967,119,822,941,26,2.69
"Reckange-sur-Mess","2012",969,116,822,938,31,3.2
"Reckange-sur-Mess","2013",989,117,838,955,34,3.44
"Reckange-sur-Mess","2014",1.008,128,843,971,37,3.67
"Reckange-sur-Mess","2015",1.012,130,850,980,32,3.16
"Redange-sur-Attert","2001",919,148,691,839,80,8.71
"Redange-sur-Attert","2002",853,141,696,837,16,1.88
"Redange-sur-Attert","2003",868,143,703,846,22,2.53
"Redange-sur-Attert","2004",893,141,732,873,20,2.24
"Redange-sur-Attert","2005",909,133,759,892,17,1.87
"Redange-sur-Attert","2006",983,144,816,960,23,2.34
"Redange-sur-Attert","2007",1.024,153,847,1,24,2.34
"Redange-sur-Attert","2008",1.062,144,884,1.028,34,3.2
"Redange-sur-Attert","2009",1.093,150,900,1.05,43,3.93
"Redange-sur-Attert","2010",1.111,142,930,1.072,39,3.51
"Redange-sur-Attert","2011",1.144,133,954,1.087,57,4.98
"Redange-sur-Attert","2012",1.155,128,976,1.104,51,4.42
"Redange-sur-Attert","2013",1.184,124,998,1.122,62,5.24
"Redange-sur-Attert","2014",1.17,128,989,1.117,53,4.53
"Redange-sur-Attert","2015",1.167,120,990,1.11,57,4.88
"Reisdorf","2001",320,53,255,308,12,3.75
"Reisdorf","2002",346,53,281,334,12,3.47
"Reisdorf","2003",369,55,301,356,13,3.52
"Reisdorf","2004",370,54,306,360,10,2.7
"Reisdorf","2005",405,53,333,386,19,4.69
"Reisdorf","2006",414,51,334,385,29,7
"Reisdorf","2007",433,48,356,404,29,6.7
"Reisdorf","2008",449,47,363,410,39,8.69
"Reisdorf","2009",457,45,372,417,40,8.75
"Reisdorf","2010",474,47,391,438,36,7.59
"Reisdorf","2011",541,54,426,480,61,11.28
"Reisdorf","2012",528,48,427,475,53,10.04
"Reisdorf","2013",534,45,412,457,77,14.42
"Reisdorf","2014",546,45,421,466,80,14.65
"Reisdorf","2015",549,50,430,480,69,12.57
"Remich","2001",1.276,157,1.08,1.237,39,3.06
"Remich","2002",1.297,148,1.106,1.254,43,3.32
"Remich","2003",1.331,155,1.111,1.266,65,4.88
"Remich","2004",1.39,155,1.152,1.307,83,5.97
"Remich","2005",1.407,163,1.169,1.332,75,5.33
"Remich","2006",1.4,154,1.167,1.321,79,5.64
"Remich","2007",1.372,152,1.166,1.318,54,3.94
"Remich","2008",1.36,145,1.139,1.284,76,5.59
"Remich","2009",1.366,151,1.111,1.262,104,7.61
"Remich","2010",1.434,152,1.163,1.315,119,8.3
"Remich","2011",1.503,160,1.241,1.401,102,6.79
"Remich","2012",1.542,161,1.249,1.41,132,8.56
"Remich","2013",1.555,164,1.243,1.407,148,9.52
"Remich","2014",1.564,164,1.267,1.431,133,8.5
"Remich","2015",1.55,180,1.25,1.43,120,7.74
"Roeser","2001",2.084,204,1.844,2.048,36,1.73
"Roeser","2002",2.126,217,1.865,2.082,44,2.07
"Roeser","2003",2.181,212,1.907,2.119,62,2.84
"Roeser","2004",2.213,229,1.927,2.156,57,2.58
"Roeser","2005",2.236,220,1.96,2.18,56,2.5
"Roeser","2006",2.259,210,1.971,2.181,78,3.45
"Roeser","2007",2.344,223,2.045,2.268,76,3.24
"Roeser","2008",2.504,223,2.189,2.412,92,3.67
"Roeser","2009",2.504,212,2.172,2.384,120,4.79
"Roeser","2010",2.588,219,2.235,2.454,134,5.18
"Roeser","2011",2.68,232,2.304,2.536,144,5.37
"Roeser","2012",2.655,220,2.31,2.53,125,4.71
"Roeser","2013",2.712,232,2.342,2.574,138,5.09
"Roeser","2014",2.839,234,2.47,2.704,135,4.76
"Roeser","2015",2.89,240,2.51,2.75,140,4.84
"Rosport","2001",684,115,547,662,22,3.22
"Rosport","2002",693,117,558,675,18,2.6
"Rosport","2003",703,116,570,686,17,2.42
"Rosport","2004",715,118,578,696,19,2.66
"Rosport","2005",752,117,609,726,26,3.46
"Rosport","2006",869,128,713,841,28,3.22
"Rosport","2007",908,125,748,873,35,3.85
"Rosport","2008",918,130,755,885,33,3.59
"Rosport","2009",916,129,751,880,36,3.93
"Rosport","2010",938,129,769,898,40,4.26
"Rosport","2011",947,122,780,902,45,4.75
"Rosport","2012",950,120,784,904,46,4.84
"Rosport","2013",971,124,800,924,47,4.84
"Rosport","2014",944,122,772,894,50,5.3
"Rosport","2015",994,130,810,940,54,5.43
"Rumelange","2001",1.637,66,1.512,1.578,59,3.6
"Rumelange","2002",1.645,70,1.495,1.565,80,4.86
"Rumelange","2003",1.68,67,1.527,1.594,86,5.12
"Rumelange","2004",1.731,73,1.546,1.619,112,6.47
"Rumelange","2005",1.773,68,1.575,1.643,130,7.33
"Rumelange","2006",1.879,71,1.677,1.748,131,6.97
"Rumelange","2007",1.922,86,1.716,1.802,120,6.24
"Rumelange","2008",2,85,1.785,1.87,130,6.5
"Rumelange","2009",2.087,88,1.83,1.918,169,8.1
"Rumelange","2010",2.148,92,1.875,1.967,181,8.43
"Rumelange","2011",2.197,88,1.894,1.982,215,9.79
"Rumelange","2012",2.226,94,1.908,2.002,224,10.06
"Rumelange","2013",2.274,93,1.926,2.019,255,11.21
"Rumelange","2014",2.327,100,1.974,2.074,253,10.87
"Rumelange","2015",2.399,100,2.03,2.13,269,11.21
"Saeul","2001",198,46,149,195,3,1.52
"Saeul","2002",209,42,158,200,9,4.31
"Saeul","2003",208,36,164,200,8,3.85
"Saeul","2004",226,36,187,223,3,1.33
"Saeul","2005",228,36,185,221,7,3.07
"Saeul","2006",274,35,232,267,7,2.55
"Saeul","2007",298,37,252,289,9,3.02
"Saeul","2008",320,38,272,310,10,3.13
"Saeul","2009",309,39,252,291,18,5.83
"Saeul","2010",321,42,256,298,23,7.17
"Saeul","2011",317,37,261,298,19,5.99
"Saeul","2012",344,40,279,319,25,7.27
"Saeul","2013",330,38,267,305,25,7.58
"Saeul","2014",344,40,280,320,24,6.98
"Saeul","2015",349,40,290,330,19,5.44
"Sandweiler","2001",1.135,107,1.015,1.122,13,1.15
"Sandweiler","2002",1.149,99,1.026,1.125,24,2.09
"Sandweiler","2003",1.217,107,1.065,1.172,45,3.7
"Sandweiler","2004",1.222,107,1.078,1.185,37,3.03
"Sandweiler","2005",1.256,101,1.12,1.221,35,2.79
"Sandweiler","2006",1.262,102,1.123,1.225,37,2.93
"Sandweiler","2007",1.286,109,1.142,1.251,35,2.72
"Sandweiler","2008",1.301,119,1.139,1.258,43,3.31
"Sandweiler","2009",1.326,125,1.138,1.263,63,4.75
"Sandweiler","2010",1.346,117,1.162,1.279,67,4.98
"Sandweiler","2011",1.385,132,1.182,1.314,71,5.13
"Sandweiler","2012",1.416,127,1.219,1.346,70,4.94
"Sandweiler","2013",1.482,143,1.263,1.406,76,5.13
"Sandweiler","2014",1.462,149,1.252,1.401,61,4.17
"Sandweiler","2015",1.455,140,1.24,1.38,75,5.15
"Sanem","2001",5.183,325,4.731,5.056,127,2.45
"Sanem","2002",5.395,315,4.933,5.248,147,2.72
"Sanem","2003",5.506,313,4.985,5.298,208,3.78
"Sanem","2004",5.662,322,5.115,5.437,225,3.97
"Sanem","2005",5.696,318,5.103,5.421,275,4.83
"Sanem","2006",5.769,325,5.174,5.499,270,4.68
"Sanem","2007",5.857,331,5.263,5.594,263,4.49
"Sanem","2008",5.897,342,5.283,5.625,272,4.61
"Sanem","2009",6.163,350,5.423,5.773,390,6.33
"Sanem","2010",6.298,344,5.531,5.875,423,6.72
"Sanem","2011",6.44,345,5.694,6.039,401,6.23
"Sanem","2012",6.591,368,5.789,6.157,434,6.58
"Sanem","2013",6.814,368,5.952,6.32,494,7.25
"Sanem","2014",6.915,363,6.046,6.409,506,7.32
"Sanem","2015",7.112,370,6.23,6.6,512,7.2
"Schengen","2001",1.573,330,1.21,1.54,33,2.1
"Schengen","2002",1.583,325,1.222,1.547,36,2.27
"Schengen","2003",1.62,330,1.244,1.574,46,2.84
"Schengen","2004",1.662,321,1.294,1.615,47,2.83
"Schengen","2005",1.695,327,1.31,1.637,58,3.42
"Schengen","2006",1.812,306,1.437,1.743,69,3.81
"Schengen","2007",1.856,312,1.479,1.791,65,3.5
"Schengen","2008",1.922,304,1.565,1.869,53,2.76
"Schengen","2009",1.996,310,1.592,1.902,94,4.71
"Schengen","2010",1.993,304,1.607,1.911,82,4.11
"Schengen","2011",2.083,309,1.67,1.979,104,4.99
"Schengen","2012",2.08,291,1.703,1.994,86,4.13
"Schengen","2013",2.148,282,1.765,2.047,101,4.7
"Schengen","2014",2.149,261,1.8,2.061,88,4.09
"Schengen","2015",2.173,260,1.83,2.09,83,3.82
"Schieren","2001",585,38,529,567,18,3.08
"Schieren","2002",597,37,535,572,25,4.19
"Schieren","2003",599,35,544,579,20,3.34
"Schieren","2004",593,36,532,568,25,4.22
"Schieren","2005",634,33,566,599,35,5.52
"Schieren","2006",645,34,574,608,37,5.74
"Schieren","2007",654,35,581,616,38,5.81
"Schieren","2008",698,33,629,662,36,5.16
"Schieren","2009",726,32,641,673,53,7.3
"Schieren","2010",694,33,615,648,46,6.63
"Schieren","2011",721,34,631,665,56,7.77
"Schieren","2012",724,37,635,672,52,7.18
"Schieren","2013",872,47,762,809,63,7.22
"Schieren","2014",919,57,795,852,67,7.29
"Schieren","2015",949,60,830,890,59,6.22
"Schifflange","2001",3.136,179,2.845,3.024,112,3.57
"Schifflange","2002",3.16,182,2.856,3.038,122,3.86
"Schifflange","2003",3.25,197,2.903,3.1,150,4.62
"Schifflange","2004",3.261,205,2.916,3.121,140,4.29
"Schifflange","2005",3.355,203,2.976,3.179,176,5.25
"Schifflange","2006",3.356,197,2.984,3.181,175,5.21
"Schifflange","2007",3.413,187,3.044,3.231,182,5.33
"Schifflange","2008",3.515,177,3.081,3.258,257,7.31
"Schifflange","2009",3.632,192,3.118,3.31,322,8.87
"Schifflange","2010",3.76,199,3.245,3.444,316,8.4
"Schifflange","2011",3.792,203,3.232,3.435,357,9.41
"Schifflange","2012",3.94,217,3.391,3.608,332,8.43
"Schifflange","2013",4.08,208,3.463,3.671,409,10.02
"Schifflange","2014",4.223,201,3.629,3.83,393,9.31
"Schifflange","2015",4.377,200,3.8,4,377,8.61
"Schuttrange","2001",1.052,107,925,1.032,20,1.9
"Schuttrange","2002",1.058,106,933,1.039,19,1.8
"Schuttrange","2003",1.065,113,936,1.049,16,1.5
"Schuttrange","2004",1.081,114,939,1.053,28,2.59
"Schuttrange","2005",1.061,105,923,1.028,33,3.11
"Schuttrange","2006",1.242,119,1.092,1.211,31,2.5
"Schuttrange","2007",1.238,116,1.087,1.203,35,2.83
"Schuttrange","2008",1.261,125,1.094,1.219,42,3.33
"Schuttrange","2009",1.308,135,1.126,1.261,47,3.59
"Schuttrange","2010",1.332,144,1.141,1.285,47,3.53
"Schuttrange","2011",1.372,155,1.168,1.323,49,3.57
"Schuttrange","2012",1.398,161,1.188,1.349,49,3.51
"Schuttrange","2013",1.415,166,1.2,1.366,49,3.46
"Schuttrange","2014",1.469,164,1.24,1.404,65,4.42
"Schuttrange","2015",1.51,170,1.27,1.44,70,4.64
"Septfontaines","2001",312,42,262,304,8,2.56
"Septfontaines","2002",315,41,265,306,9,2.86
"Septfontaines","2003",316,45,256,301,15,4.75
"Septfontaines","2004",311,43,257,300,11,3.54
"Septfontaines","2005",298,32,255,287,11,3.69
"Septfontaines","2006",309,35,264,299,10,3.24
"Septfontaines","2007",320,40,259,299,21,6.56
"Septfontaines","2008",326,41,259,300,26,7.98
"Septfontaines","2009",342,41,278,319,23,6.73
"Septfontaines","2010",342,41,279,320,22,6.43
"Septfontaines","2011",366,42,293,335,31,8.47
"Septfontaines","2012",401,37,339,376,25,6.23
"Septfontaines","2013",399,38,331,369,30,7.52
"Septfontaines","2014",399,42,326,368,31,7.77
"Septfontaines","2015",396,50,320,370,26,6.57
"Stadtbredimus","2001",551,80,459,539,12,2.18
"Stadtbredimus","2002",581,84,481,565,16,2.75
"Stadtbredimus","2003",576,88,472,560,16,2.78
"Stadtbredimus","2004",592,87,495,582,10,1.69
"Stadtbredimus","2005",593,87,494,581,12,2.02
"Stadtbredimus","2006",644,83,540,623,21,3.26
"Stadtbredimus","2007",668,81,569,650,18,2.69
"Stadtbredimus","2008",714,77,610,687,27,3.78
"Stadtbredimus","2009",772,92,644,736,36,4.66
"Stadtbredimus","2010",766,85,647,732,34,4.44
"Stadtbredimus","2011",796,87,673,760,36,4.52
"Stadtbredimus","2012",820,83,703,786,34,4.15
"Stadtbredimus","2013",833,78,703,781,52,6.24
"Stadtbredimus","2014",845,80,722,802,43,5.09
"Stadtbredimus","2015",891,90,750,840,51,5.72
"Steinfort","2001",1.776,168,1.571,1.739,37,2.08
"Steinfort","2002",1.825,172,1.605,1.777,48,2.63
"Steinfort","2003",1.86,175,1.621,1.796,64,3.44
"Steinfort","2004",1.837,174,1.592,1.766,71,3.86
"Steinfort","2005",1.888,177,1.639,1.816,72,3.81
"Steinfort","2006",1.892,174,1.639,1.813,79,4.18
"Steinfort","2007",1.894,185,1.645,1.83,64,3.38
"Steinfort","2008",1.931,186,1.667,1.853,78,4.04
"Steinfort","2009",1.914,168,1.631,1.799,115,6.01
"Steinfort","2010",1.966,167,1.694,1.861,105,5.34
"Steinfort","2011",2.058,175,1.785,1.96,98,4.76
"Steinfort","2012",2.119,183,1.827,2.01,109,5.14
"Steinfort","2013",2.175,187,1.837,2.024,151,6.94
"Steinfort","2014",2.13,182,1.799,1.981,149,7
"Steinfort","2015",2.162,190,1.84,2.03,132,6.11
"Steinsel","2001",1.59,180,1.374,1.554,36,2.26
"Steinsel","2002",1.582,190,1.345,1.535,47,2.97
"Steinsel","2003",1.59,192,1.338,1.53,60,3.77
"Steinsel","2004",1.612,185,1.366,1.551,61,3.78
"Steinsel","2005",1.641,196,1.382,1.578,63,3.84
"Steinsel","2006",1.667,195,1.413,1.608,59,3.54
"Steinsel","2007",1.746,207,1.489,1.696,50,2.86
"Steinsel","2008",1.758,193,1.517,1.71,48,2.73
"Steinsel","2009",1.888,199,1.603,1.802,86,4.56
"Steinsel","2010",1.903,208,1.602,1.81,93,4.89
"Steinsel","2011",1.918,205,1.618,1.823,95,4.95
"Steinsel","2012",1.929,198,1.651,1.849,80,4.15
"Steinsel","2013",1.967,208,1.64,1.848,119,6.05
"Steinsel","2014",1.984,218,1.662,1.88,104,5.24
"Steinsel","2015",2.057,210,1.74,1.95,107,5.2
"Strassen","2001",1.867,227,1.579,1.806,61,3.27
"Strassen","2002",1.858,226,1.549,1.775,83,4.47
"Strassen","2003",1.859,209,1.547,1.756,103,5.54
"Strassen","2004",1.853,203,1.54,1.743,110,5.94
"Strassen","2005",1.871,213,1.536,1.749,122,6.52
"Strassen","2006",2.699,271,2.323,2.594,105,3.89
"Strassen","2007",2.723,273,2.348,2.621,102,3.75
"Strassen","2008",2.851,270,2.483,2.753,98,3.44
"Strassen","2009",3.023,275,2.575,2.85,173,5.72
"Strassen","2010",3.066,275,2.62,2.895,171,5.58
"Strassen","2011",3.158,297,2.714,3.011,147,4.65
"Strassen","2012",3.255,311,2.77,3.081,174,5.35
"Strassen","2013",3.314,316,2.795,3.111,203,6.13
"Strassen","2014",3.349,317,2.82,3.137,212,6.33
"Strassen","2015",3.392,340,2.85,3.19,202,5.96
"Tandel","2001",636,114,502,616,20,3.14
"Tandel","2002",647,110,520,630,17,2.63
"Tandel","2003",699,115,551,666,33,4.72
"Tandel","2004",726,117,586,703,23,3.17
"Tandel","2005",761,120,607,727,34,4.47
"Tandel","2006",791,114,642,756,35,4.42
"Tandel","2007",806,114,664,778,28,3.47
"Tandel","2008",810,108,676,784,26,3.21
"Tandel","2009",837,111,688,799,38,4.54
"Tandel","2010",843,105,696,801,42,4.98
"Tandel","2011",873,97,735,832,41,4.7
"Tandel","2012",888,96,750,846,42,4.73
"Tandel","2013",908,101,761,862,46,5.07
"Tandel","2014",946,101,801,902,44,4.65
"Tandel","2015",969,100,810,910,59,6.09
"Troisvierges","2001",1.039,159,846,1.005,34,3.27
"Troisvierges","2002",1.063,168,857,1.025,38,3.57
"Troisvierges","2003",1.084,168,857,1.025,59,5.44
"Troisvierges","2004",1.111,172,887,1.059,52,4.68
"Troisvierges","2005",1.178,161,930,1.091,87,7.39
"Troisvierges","2006",1.186,155,967,1.122,64,5.4
"Troisvierges","2007",1.234,166,993,1.159,75,6.08
"Troisvierges","2008",1.259,164,1.02,1.184,75,5.96
"Troisvierges","2009",1.31,165,1.045,1.21,100,7.63
"Troisvierges","2010",1.357,161,1.079,1.24,117,8.62
"Troisvierges","2011",1.382,157,1.131,1.288,94,6.8
"Troisvierges","2012",1.437,156,1.175,1.331,106,7.38
"Troisvierges","2013",1.439,154,1.174,1.328,111,7.71
"Troisvierges","2014",1.433,149,1.174,1.323,110,7.68
"Troisvierges","2015",1.473,160,1.2,1.36,113,7.67
"Tuntange","2001",421,61,348,409,12,2.85
"Tuntange","2002",441,57,375,432,9,2.04
"Tuntange","2003",430,56,360,416,14,3.26
"Tuntange","2004",424,55,360,415,9,2.12
"Tuntange","2005",470,58,398,456,14,2.98
"Tuntange","2006",495,54,423,477,18,3.64
"Tuntange","2007",481,55,411,466,15,3.12
"Tuntange","2008",513,58,440,498,15,2.92
"Tuntange","2009",532,55,459,514,18,3.38
"Tuntange","2010",550,62,473,535,15,2.73
"Tuntange","2011",583,61,502,563,20,3.43
"Tuntange","2012",588,59,507,566,22,3.74
"Tuntange","2013",623,58,544,602,21,3.37
"Tuntange","2014",689,66,590,656,33,4.79
"Tuntange","2015",722,70,620,690,32,4.43
"Useldange","2001",562,71,486,557,5,0.89
"Useldange","2002",572,68,494,562,10,1.75
"Useldange","2003",581,66,498,564,17,2.93
"Useldange","2004",586,66,511,577,9,1.54
"Useldange","2005",636,66,553,619,17,2.67
"Useldange","2006",646,67,557,624,22,3.41
"Useldange","2007",662,66,580,646,16,2.42
"Useldange","2008",664,63,586,649,15,2.26
"Useldange","2009",720,61,629,690,30,4.17
"Useldange","2010",723,63,627,690,33,4.56
"Useldange","2011",761,63,667,730,31,4.07
"Useldange","2012",775,70,670,740,35,4.52
"Useldange","2013",808,71,695,766,42,5.2
"Useldange","2014",838,73,724,797,41,4.89
"Useldange","2015",837,80,720,800,37,4.42
"Vallée de l'Ernz","2001",778,84,663,747,31,3.98
"Vallée de l'Ernz","2002",794,93,676,769,25,3.15
"Vallée de l'Ernz","2003",805,99,685,784,21,2.61
"Vallée de l'Ernz","2004",820,103,689,792,28,3.41
"Vallée de l'Ernz","2005",877,102,730,832,45,5.13
"Vallée de l'Ernz","2006",935,119,776,895,40,4.28
"Vallée de l'Ernz","2007",989,117,822,939,50,5.06
"Vallée de l'Ernz","2008",1.022,121,845,966,56,5.48
"Vallée de l'Ernz","2009",1.092,121,910,1.031,61,5.59
"Vallée de l'Ernz","2010",1.132,128,940,1.068,64,5.65
"Vallée de l'Ernz","2011",1.161,128,960,1.088,73,6.29
"Vallée de l'Ernz","2012",1.191,133,979,1.112,79,6.63
"Vallée de l'Ernz","2013",1.195,132,982,1.114,81,6.78
"Vallée de l'Ernz","2014",1.246,128,1.029,1.157,89,7.14
"Vallée de l'Ernz","2015",1.256,130,1.05,1.18,76,6.05
"Vianden","2001",627,79,508,587,40,6.38
"Vianden","2002",668,78,539,617,51,7.63
"Vianden","2003",677,75,558,633,44,6.5
"Vianden","2004",760,77,629,706,54,7.11
"Vianden","2005",733,72,588,660,73,9.96
"Vianden","2006",754,70,611,681,73,9.68
"Vianden","2007",776,67,634,701,75,9.66
"Vianden","2008",797,73,645,718,79,9.91
"Vianden","2009",814,70,661,731,83,10.2
"Vianden","2010",809,74,654,728,81,10.01
"Vianden","2011",835,82,661,743,92,11.02
"Vianden","2012",870,77,672,749,121,13.91
"Vianden","2013",885,78,689,767,118,13.33
"Vianden","2014",895,79,722,801,94,10.5
"Vianden","2015",903,80,730,810,93,10.3
"Vichten","2001",359,48,302,350,9,2.51
"Vichten","2002",365,49,310,359,6,1.64
"Vichten","2003",383,47,330,377,6,1.57
"Vichten","2004",381,44,325,369,12,3.15
"Vichten","2005",390,45,331,376,14,3.59
"Vichten","2006",404,45,342,387,17,4.21
"Vichten","2007",443,48,386,434,9,2.03
"Vichten","2008",483,50,408,458,25,5.18
"Vichten","2009",496,51,417,468,28,5.65
"Vichten","2010",502,48,429,477,25,4.98
"Vichten","2011",523,51,440,491,32,6.12
"Vichten","2012",519,43,449,492,27,5.2
"Vichten","2013",516,43,450,493,23,4.46
"Vichten","2014",544,44,469,513,31,5.7
"Vichten","2015",607,40,530,570,37,6.1
"Wahl","2001",300,64,230,294,6,2
"Wahl","2002",318,66,243,309,9,2.83
"Wahl","2003",326,70,251,321,5,1.53
"Wahl","2004",320,71,244,315,5,1.56
"Wahl","2005",345,70,267,337,8,2.32
"Wahl","2006",341,69,263,332,9,2.64
"Wahl","2007",352,66,278,344,8,2.27
"Wahl","2008",368,62,292,354,14,3.8
"Wahl","2009",379,66,296,362,17,4.49
"Wahl","2010",367,67,283,350,17,4.63
"Wahl","2011",370,60,292,352,18,4.86
"Wahl","2012",384,61,302,363,21,5.47
"Wahl","2013",401,59,313,372,29,7.23
"Wahl","2014",407,55,333,388,19,4.67
"Wahl","2015",428,60,340,400,28,6.54
"Waldbillig","2001",476,72,396,468,8,1.68
"Waldbillig","2002",495,69,410,479,16,3.23
"Waldbillig","2003",514,69,425,494,20,3.89
"Waldbillig","2004",545,70,456,526,19,3.49
"Waldbillig","2005",571,72,473,545,26,4.55
"Waldbillig","2006",570,68,478,546,24,4.21
"Waldbillig","2007",608,75,514,589,19,3.13
"Waldbillig","2008",623,74,520,594,29,4.65
"Waldbillig","2009",614,72,512,584,30,4.89
"Waldbillig","2010",632,70,532,602,30,4.75
"Waldbillig","2011",671,65,579,644,27,4.02
"Waldbillig","2012",698,63,605,668,30,4.3
"Waldbillig","2013",733,59,632,691,42,5.73
"Waldbillig","2014",790,59,678,737,53,6.71
"Waldbillig","2015",834,60,720,780,54,6.47
"Waldbredimus","2001",356,59,295,354,2,0.56
"Waldbredimus","2002",360,61,290,351,9,2.5
"Waldbredimus","2003",375,57,309,366,9,2.4
"Waldbredimus","2004",381,59,305,364,17,4.46
"Waldbredimus","2005",387,56,309,365,22,5.68
"Waldbredimus","2006",380,57,304,361,19,5
"Waldbredimus","2007",387,54,310,364,23,5.94
"Waldbredimus","2008",407,51,342,393,14,3.44
"Waldbredimus","2009",433,59,356,415,18,4.16
"Waldbredimus","2010",447,59,374,433,14,3.13
"Waldbredimus","2011",464,65,380,445,19,4.09
"Waldbredimus","2012",478,64,396,460,18,3.77
"Waldbredimus","2013",470,62,391,453,17,3.62
"Waldbredimus","2014",464,62,379,441,23,4.96
"Waldbredimus","2015",460,60,380,440,20,4.35
"Walferdange","2001",2.808,228,2.524,2.752,56,1.99
"Walferdange","2002",2.843,230,2.532,2.762,81,2.85
"Walferdange","2003",2.906,237,2.574,2.811,95,3.27
"Walferdange","2004",2.9,246,2.547,2.793,107,3.69
"Walferdange","2005",2.91,256,2.54,2.796,114,3.92
"Walferdange","2006",2.903,249,2.562,2.811,92,3.17
"Walferdange","2007",2.913,259,2.581,2.84,73,2.51
"Walferdange","2008",3.107,268,2.727,2.995,112,3.6
"Walferdange","2009",3.063,272,2.635,2.907,156,5.09
"Walferdange","2010",3.042,264,2.615,2.879,163,5.36
"Walferdange","2011",3.168,266,2.729,2.995,173,5.46
"Walferdange","2012",3.25,286,2.771,3.057,193,5.94
"Walferdange","2013",3.288,303,2.792,3.095,193,5.87
"Walferdange","2014",3.381,308,2.829,3.137,244,7.22
"Walferdange","2015",3.336,320,2.79,3.11,226,6.77
"Weiler-la-Tour","2001",581,66,506,572,9,1.55
"Weiler-la-Tour","2002",576,65,489,554,22,3.82
"Weiler-la-Tour","2003",564,69,475,544,20,3.55
"Weiler-la-Tour","2004",554,62,478,540,14,2.53
"Weiler-la-Tour","2005",556,63,478,541,15,2.7
"Weiler-la-Tour","2006",615,60,537,597,18,2.93
"Weiler-la-Tour","2007",679,66,599,665,14,2.06
"Weiler-la-Tour","2008",781,75,687,762,19,2.43
"Weiler-la-Tour","2009",813,80,707,787,26,3.2
"Weiler-la-Tour","2010",832,86,719,805,27,3.25
"Weiler-la-Tour","2011",866,88,759,847,19,2.19
"Weiler-la-Tour","2012",914,86,794,880,34,3.72
"Weiler-la-Tour","2013",926,88,803,891,35,3.78
"Weiler-la-Tour","2014",936,86,806,892,44,4.7
"Weiler-la-Tour","2015",986,80,870,950,36,3.65
"Weiswampach","2001",480,101,368,469,11,2.29
"Weiswampach","2002",494,100,381,481,13,2.63
"Weiswampach","2003",518,98,402,500,18,3.47
"Weiswampach","2004",524,103,405,508,16,3.05
"Weiswampach","2005",539,106,408,514,25,4.64
"Weiswampach","2006",556,114,410,524,32,5.76
"Weiswampach","2007",569,109,431,540,29,5.1
"Weiswampach","2008",600,114,457,571,29,4.83
"Weiswampach","2009",658,112,508,620,38,5.78
"Weiswampach","2010",680,112,532,644,36,5.29
"Weiswampach","2011",716,112,558,670,46,6.42
"Weiswampach","2012",719,117,564,681,38,5.29
"Weiswampach","2013",755,117,597,714,41,5.43
"Weiswampach","2014",818,117,647,764,54,6.6
"Weiswampach","2015",845,110,670,780,65,7.69
"Wiltz","2001",2.131,223,1.786,2.009,122,5.73
"Wiltz","2002",2.138,220,1.784,2.004,134,6.27
"Wiltz","2003",2.18,223,1.794,2.017,163,7.48
"Wiltz","2004",2.237,227,1.854,2.081,156,6.97
"Wiltz","2005",2.263,229,1.847,2.076,187,8.26
"Wiltz","2006",2.202,206,1.815,2.021,181,8.22
"Wiltz","2007",2.273,198,1.878,2.076,197,8.67
"Wiltz","2008",2.298,200,1.897,2.097,201,8.75
"Wiltz","2009",2.362,201,1.945,2.146,216,9.14
"Wiltz","2010",2.423,195,1.972,2.167,256,10.57
"Wiltz","2011",2.476,190,2.017,2.207,269,10.86
"Wiltz","2012",2.588,188,2.099,2.287,301,11.63
"Wiltz","2013",2.662,195,2.149,2.344,318,11.95
"Wiltz","2014",2.692,185,2.192,2.377,315,11.7
"Wiltz","2015",2.771,180,2.27,2.45,321,11.58
"Wincrange","2001",1.417,368,1.004,1.372,45,3.18
"Wincrange","2002",1.435,365,1.024,1.389,46,3.21
"Wincrange","2003",1.473,365,1.049,1.414,59,4.01
"Wincrange","2004",1.524,379,1.093,1.472,52,3.41
"Wincrange","2005",1.595,372,1.146,1.518,77,4.83
"Wincrange","2006",1.583,359,1.146,1.505,78,4.93
"Wincrange","2007",1.622,368,1.178,1.546,76,4.69
"Wincrange","2008",1.642,374,1.193,1.567,75,4.57
"Wincrange","2009",1.711,369,1.256,1.625,86,5.03
"Wincrange","2010",1.765,371,1.298,1.669,96,5.44
"Wincrange","2011",1.809,364,1.337,1.701,108,5.97
"Wincrange","2012",1.831,351,1.373,1.724,107,5.84
"Wincrange","2013",1.907,349,1.443,1.792,115,6.03
"Wincrange","2014",1.932,335,1.484,1.819,113,5.85
"Wincrange","2015",1.968,330,1.53,1.86,108,5.49
"Winseler","2001",325,61,254,315,10,3.08
"Winseler","2002",338,59,267,326,12,3.55
"Winseler","2003",376,61,292,353,23,6.12
"Winseler","2004",387,63,298,361,26,6.72
"Winseler","2005",386,60,300,360,26,6.74
"Winseler","2006",459,69,370,439,20,4.36
"Winseler","2007",471,70,371,441,30,6.37
"Winseler","2008",494,72,391,463,31,6.28
"Winseler","2009",497,75,393,468,29,5.84
"Winseler","2010",503,78,394,472,31,6.16
"Winseler","2011",491,80,384,464,27,5.5
"Winseler","2012",496,82,385,467,29,5.85
"Winseler","2013",510,82,389,471,39,7.65
"Winseler","2014",510,85,385,470,40,7.84
"Winseler","2015",526,90,400,490,36,6.84
"Wormeldange","2001",1.03,182,834,1.016,14,1.36
"Wormeldange","2002",1.037,182,834,1.016,21,2.03
"Wormeldange","2003",1.049,187,838,1.025,24,2.29
"Wormeldange","2004",1.072,188,858,1.046,26,2.43
"Wormeldange","2005",1.088,193,863,1.056,32,2.94
"Wormeldange","2006",1.117,188,896,1.084,33,2.95
"Wormeldange","2007",1.127,187,909,1.096,31,2.75
"Wormeldange","2008",1.129,184,920,1.104,25,2.21
"Wormeldange","2009",1.163,181,928,1.109,54,4.64
"Wormeldange","2010",1.186,174,956,1.13,56,4.72
"Wormeldange","2011",1.189,177,953,1.13,59,4.96
"Wormeldange","2012",1.178,170,951,1.121,57,4.84
"Wormeldange","2013",1.214,163,979,1.142,72,5.93
"Wormeldange","2014",1.253,160,1.015,1.175,78,6.23
"Wormeldange","2015",1.283,160,1.05,1.21,73,5.69
